UTC,Open,High,Low,Close,Volume
02.01.2018 00:00:00.000 UTC,152.356,152.363,152.34,152.341,89.55
02.01.2018 00:01:00.000 UTC,152.342,152.344,152.326,152.34,56.55
02.01.2018 00:02:00.000 UTC,152.342,152.354,152.337,152.347,80.38
02.01.2018 00:03:00.000 UTC,152.345,152.355,152.345,152.352,44.63
02.01.2018 00:04:00.000 UTC,152.354,152.354,152.347,152.348,39.42
02.01.2018 00:05:00.000 UTC,152.351,152.36,152.351,152.354,33.93
02.01.2018 00:06:00.000 UTC,152.354,152.354,152.333,152.333,26.2
02.01.2018 00:07:00.000 UTC,152.333,152.355,152.333,152.353,55.18
02.01.2018 00:08:00.000 UTC,152.353,152.354,152.345,152.348,44.35
02.01.2018 00:09:00.000 UTC,152.348,152.364,152.348,152.349,35.87
02.01.2018 00:10:00.000 UTC,152.351,152.354,152.338,152.341,59.6
02.01.2018 00:11:00.000 UTC,152.34,152.349,152.336,152.349,51.09
02.01.2018 00:12:00.000 UTC,152.349,152.349,152.336,152.34,25.19
02.01.2018 00:13:00.000 UTC,152.34,152.34,152.33,152.33,21.24
02.01.2018 00:14:00.000 UTC,152.33,152.331,152.326,152.331,29.58
02.01.2018 00:15:00.000 UTC,152.33,152.333,152.328,152.333,19.67
02.01.2018 00:16:00.000 UTC,152.334,152.357,152.334,152.345,33.47
02.01.2018 00:17:00.000 UTC,152.345,152.367,152.345,152.367,33.81
02.01.2018 00:18:00.000 UTC,152.371,152.371,152.36,152.36,17.4
02.01.2018 00:19:00.000 UTC,152.359,152.38,152.357,152.38,38.3
02.01.2018 00:20:00.000 UTC,152.381,152.399,152.381,152.393,37.24
02.01.2018 00:21:00.000 UTC,152.392,152.425,152.391,152.4,91.03
02.01.2018 00:22:00.000 UTC,152.4,152.404,152.379,152.386,73.34
02.01.2018 00:23:00.000 UTC,152.39,152.404,152.378,152.39,85.64
02.01.2018 00:24:00.000 UTC,152.391,152.414,152.378,152.385,49.69
02.01.2018 00:25:00.000 UTC,152.39,152.4,152.384,152.384,20.31
02.01.2018 00:26:00.000 UTC,152.386,152.386,152.376,152.379,26.76
02.01.2018 00:27:00.000 UTC,152.379,152.379,152.371,152.373,32.27
02.01.2018 00:28:00.000 UTC,152.373,152.377,152.363,152.372,14.26
02.01.2018 00:29:00.000 UTC,152.372,152.391,152.362,152.385,37.33
02.01.2018 00:30:00.000 UTC,152.383,152.384,152.367,152.368,40.37
02.01.2018 00:31:00.000 UTC,152.368,152.372,152.363,152.363,15.38
02.01.2018 00:32:00.000 UTC,152.361,152.381,152.361,152.381,32.07
02.01.2018 00:33:00.000 UTC,152.381,152.391,152.381,152.387,50.61
02.01.2018 00:34:00.000 UTC,152.387,152.4,152.384,152.4,31.04
02.01.2018 00:35:00.000 UTC,152.402,152.409,152.4,152.405,19.31
02.01.2018 00:36:00.000 UTC,152.408,152.409,152.408,152.409,19.87
02.01.2018 00:37:00.000 UTC,152.41,152.415,152.409,152.409,9.5
02.01.2018 00:38:00.000 UTC,152.406,152.416,152.389,152.416,44.58
02.01.2018 00:39:00.000 UTC,152.417,152.423,152.404,152.418,26.02
02.01.2018 00:40:00.000 UTC,152.418,152.423,152.416,152.418,36.88
02.01.2018 00:41:00.000 UTC,152.418,152.436,152.418,152.434,61.5
02.01.2018 00:42:00.000 UTC,152.433,152.433,152.419,152.423,39.8
02.01.2018 00:43:00.000 UTC,152.423,152.435,152.421,152.425,41.39
02.01.2018 00:44:00.000 UTC,152.425,152.428,152.405,152.412,55.17
02.01.2018 00:45:00.000 UTC,152.413,152.416,152.384,152.384,66.43
02.01.2018 00:46:00.000 UTC,152.385,152.385,152.374,152.38,38.13
02.01.2018 00:47:00.000 UTC,152.38,152.38,152.358,152.376,51.71
02.01.2018 00:48:00.000 UTC,152.376,152.377,152.362,152.364,43.82
02.01.2018 00:49:00.000 UTC,152.364,152.367,152.359,152.367,43.88
02.01.2018 00:50:00.000 UTC,152.367,152.372,152.349,152.357,48.45
02.01.2018 00:51:00.000 UTC,152.357,152.364,152.357,152.36,60.3
02.01.2018 00:52:00.000 UTC,152.36,152.368,152.36,152.366,72.82
02.01.2018 00:53:00.000 UTC,152.366,152.376,152.366,152.368,51.52
02.01.2018 00:54:00.000 UTC,152.365,152.369,152.365,152.366,60.4
02.01.2018 00:55:00.000 UTC,152.366,152.366,152.327,152.327,72.05
02.01.2018 00:56:00.000 UTC,152.327,152.327,152.306,152.306,76.07
02.01.2018 00:57:00.000 UTC,152.307,152.307,152.297,152.303,142.6
02.01.2018 00:58:00.000 UTC,152.317,152.335,152.317,152.328,55.72
02.01.2018 00:59:00.000 UTC,152.327,152.338,152.322,152.335,53.38
02.01.2018 01:00:00.000 UTC,152.334,152.351,152.322,152.343,105.54
02.01.2018 01:01:00.000 UTC,152.345,152.355,152.341,152.344,111.67
02.01.2018 01:02:00.000 UTC,152.344,152.363,152.344,152.363,47.91
02.01.2018 01:03:00.000 UTC,152.358,152.361,152.347,152.351,47.53
02.01.2018 01:04:00.000 UTC,152.353,152.364,152.348,152.362,19.62
02.01.2018 01:05:00.000 UTC,152.362,152.368,152.353,152.368,77.67
02.01.2018 01:06:00.000 UTC,152.366,152.366,152.333,152.365,60.59
02.01.2018 01:07:00.000 UTC,152.364,152.371,152.345,152.345,45.36
02.01.2018 01:08:00.000 UTC,152.346,152.38,152.342,152.371,73.54
02.01.2018 01:09:00.000 UTC,152.371,152.371,152.339,152.339,62.66
02.01.2018 01:10:00.000 UTC,152.336,152.35,152.314,152.32,83.54
02.01.2018 01:11:00.000 UTC,152.321,152.338,152.321,152.335,80.08
02.01.2018 01:12:00.000 UTC,152.336,152.367,152.334,152.367,105.34
02.01.2018 01:13:00.000 UTC,152.365,152.365,152.361,152.365,29.4
02.01.2018 01:14:00.000 UTC,152.363,152.394,152.36,152.375,99.55
02.01.2018 01:15:00.000 UTC,152.375,152.375,152.372,152.372,38.27
02.01.2018 01:16:00.000 UTC,152.372,152.377,152.335,152.348,140.22
02.01.2018 01:17:00.000 UTC,152.353,152.353,152.344,152.353,77.64
02.01.2018 01:18:00.000 UTC,152.353,152.353,152.34,152.345,86.35
02.01.2018 01:19:00.000 UTC,152.347,152.361,152.347,152.353,53.93
02.01.2018 01:20:00.000 UTC,152.353,152.354,152.336,152.345,46.86
02.01.2018 01:21:00.000 UTC,152.347,152.352,152.345,152.349,148.81
02.01.2018 01:22:00.000 UTC,152.349,152.353,152.34,152.34,58.87
02.01.2018 01:23:00.000 UTC,152.34,152.353,152.34,152.346,63.82
02.01.2018 01:24:00.000 UTC,152.346,152.355,152.344,152.348,45.97
02.01.2018 01:25:00.000 UTC,152.347,152.348,152.34,152.346,36.43
02.01.2018 01:26:00.000 UTC,152.347,152.351,152.347,152.351,23.35
02.01.2018 01:27:00.000 UTC,152.35,152.353,152.35,152.353,27.72
02.01.2018 01:28:00.000 UTC,152.353,152.355,152.351,152.352,27.63
02.01.2018 01:29:00.000 UTC,152.351,152.354,152.335,152.35,82.96
02.01.2018 01:30:00.000 UTC,152.349,152.351,152.337,152.337,37.26
02.01.2018 01:31:00.000 UTC,152.341,152.344,152.329,152.33,27.25
02.01.2018 01:32:00.000 UTC,152.329,152.34,152.324,152.324,48.25
02.01.2018 01:33:00.000 UTC,152.324,152.327,152.311,152.323,56.61
02.01.2018 01:34:00.000 UTC,152.326,152.352,152.326,152.338,60.98
02.01.2018 01:35:00.000 UTC,152.337,152.339,152.336,152.336,18.12
02.01.2018 01:36:00.000 UTC,152.333,152.338,152.33,152.33,26.04
02.01.2018 01:37:00.000 UTC,152.328,152.332,152.321,152.328,41.58
02.01.2018 01:38:00.000 UTC,152.327,152.339,152.324,152.336,52.79
02.01.2018 01:39:00.000 UTC,152.337,152.337,152.31,152.318,45
02.01.2018 01:40:00.000 UTC,152.315,152.336,152.315,152.325,62.12
02.01.2018 01:41:00.000 UTC,152.328,152.33,152.322,152.329,21.65
02.01.2018 01:42:00.000 UTC,152.328,152.331,152.323,152.325,63.94
02.01.2018 01:43:00.000 UTC,152.324,152.341,152.324,152.335,29.56
02.01.2018 01:44:00.000 UTC,152.338,152.349,152.338,152.349,22.44
02.01.2018 01:45:00.000 UTC,152.349,152.354,152.344,152.344,17.43
02.01.2018 01:46:00.000 UTC,152.348,152.362,152.347,152.356,35.09
02.01.2018 01:47:00.000 UTC,152.353,152.365,152.352,152.352,29.67
02.01.2018 01:48:00.000 UTC,152.351,152.351,152.324,152.324,109.06
02.01.2018 01:49:00.000 UTC,152.322,152.336,152.322,152.331,74.31
02.01.2018 01:50:00.000 UTC,152.331,152.337,152.331,152.337,21.35
02.01.2018 01:51:00.000 UTC,152.335,152.34,152.329,152.33,33.85
02.01.2018 01:52:00.000 UTC,152.332,152.342,152.314,152.316,46.82
02.01.2018 01:53:00.000 UTC,152.316,152.324,152.308,152.308,43.63
02.01.2018 01:54:00.000 UTC,152.308,152.316,152.29,152.316,89.14
02.01.2018 01:55:00.000 UTC,152.317,152.328,152.312,152.328,135.17
02.01.2018 01:56:00.000 UTC,152.33,152.33,152.316,152.33,59.92
02.01.2018 01:57:00.000 UTC,152.329,152.329,152.299,152.31,76.59
02.01.2018 01:58:00.000 UTC,152.311,152.338,152.304,152.33,91.22
02.01.2018 01:59:00.000 UTC,152.327,152.332,152.316,152.325,76.1
02.01.2018 02:00:00.000 UTC,152.322,152.331,152.319,152.323,31.48
02.01.2018 02:01:00.000 UTC,152.324,152.335,152.321,152.333,54.44
02.01.2018 02:02:00.000 UTC,152.332,152.333,152.326,152.332,41.96
02.01.2018 02:03:00.000 UTC,152.33,152.33,152.308,152.308,114.82
02.01.2018 02:04:00.000 UTC,152.308,152.31,152.294,152.31,98.43
02.01.2018 02:05:00.000 UTC,152.31,152.328,152.31,152.319,50.56
02.01.2018 02:06:00.000 UTC,152.319,152.319,152.304,152.304,27.55
02.01.2018 02:07:00.000 UTC,152.304,152.312,152.291,152.299,45.03
02.01.2018 02:08:00.000 UTC,152.296,152.307,152.296,152.307,33.63
02.01.2018 02:09:00.000 UTC,152.309,152.331,152.309,152.324,84.01
02.01.2018 02:10:00.000 UTC,152.324,152.324,152.307,152.307,55.84
02.01.2018 02:11:00.000 UTC,152.307,152.326,152.307,152.324,90.33
02.01.2018 02:12:00.000 UTC,152.322,152.322,152.304,152.308,64.28
02.01.2018 02:13:00.000 UTC,152.308,152.311,152.308,152.31,23.78
02.01.2018 02:14:00.000 UTC,152.31,152.31,152.303,152.305,32.95
02.01.2018 02:15:00.000 UTC,152.305,152.311,152.301,152.301,71.59
02.01.2018 02:16:00.000 UTC,152.299,152.306,152.283,152.286,52.66
02.01.2018 02:17:00.000 UTC,152.286,152.3,152.286,152.299,23.48
02.01.2018 02:18:00.000 UTC,152.298,152.299,152.284,152.297,40.81
02.01.2018 02:19:00.000 UTC,152.295,152.3,152.291,152.291,36.58
02.01.2018 02:20:00.000 UTC,152.29,152.29,152.285,152.285,16.07
02.01.2018 02:21:00.000 UTC,152.286,152.291,152.281,152.29,30.08
02.01.2018 02:22:00.000 UTC,152.287,152.303,152.284,152.287,81.68
02.01.2018 02:23:00.000 UTC,152.289,152.297,152.285,152.296,29.37
02.01.2018 02:24:00.000 UTC,152.297,152.313,152.293,152.307,60.95
02.01.2018 02:25:00.000 UTC,152.308,152.351,152.308,152.347,46.29
02.01.2018 02:26:00.000 UTC,152.347,152.347,152.335,152.344,29.54
02.01.2018 02:27:00.000 UTC,152.345,152.35,152.345,152.346,13.37
02.01.2018 02:28:00.000 UTC,152.346,152.347,152.342,152.344,50.99
02.01.2018 02:29:00.000 UTC,152.344,152.354,152.344,152.349,21.12
02.01.2018 02:30:00.000 UTC,152.349,152.374,152.349,152.351,71.48
02.01.2018 02:31:00.000 UTC,152.352,152.354,152.348,152.348,15.56
02.01.2018 02:32:00.000 UTC,152.349,152.372,152.349,152.363,66.08
02.01.2018 02:33:00.000 UTC,152.363,152.366,152.363,152.366,5
02.01.2018 02:34:00.000 UTC,152.366,152.366,152.341,152.344,48.09
02.01.2018 02:35:00.000 UTC,152.342,152.345,152.327,152.336,51.56
02.01.2018 02:36:00.000 UTC,152.337,152.337,152.32,152.332,98.2
02.01.2018 02:37:00.000 UTC,152.328,152.339,152.328,152.338,61.64
02.01.2018 02:38:00.000 UTC,152.338,152.35,152.336,152.347,82.72
02.01.2018 02:39:00.000 UTC,152.345,152.347,152.333,152.335,101.62
02.01.2018 02:40:00.000 UTC,152.335,152.344,152.335,152.336,41.99
02.01.2018 02:41:00.000 UTC,152.336,152.34,152.333,152.337,66.54
02.01.2018 02:42:00.000 UTC,152.337,152.346,152.336,152.336,96.79
02.01.2018 02:43:00.000 UTC,152.338,152.346,152.336,152.346,72.93
02.01.2018 02:44:00.000 UTC,152.346,152.353,152.331,152.331,48.31
02.01.2018 02:45:00.000 UTC,152.33,152.34,152.329,152.336,39.2
02.01.2018 02:46:00.000 UTC,152.337,152.338,152.324,152.325,16.39
02.01.2018 02:47:00.000 UTC,152.324,152.327,152.322,152.327,26.06
02.01.2018 02:48:00.000 UTC,152.327,152.327,152.325,152.327,32.38
02.01.2018 02:49:00.000 UTC,152.327,152.342,152.327,152.335,88.57
02.01.2018 02:50:00.000 UTC,152.334,152.334,152.31,152.324,125.97
02.01.2018 02:51:00.000 UTC,152.325,152.329,152.294,152.294,58.86
02.01.2018 02:52:00.000 UTC,152.294,152.296,152.291,152.293,68.79
02.01.2018 02:53:00.000 UTC,152.295,152.298,152.29,152.29,33.8
02.01.2018 02:54:00.000 UTC,152.293,152.31,152.293,152.306,42.06
02.01.2018 02:55:00.000 UTC,152.304,152.309,152.299,152.307,75.52
02.01.2018 02:56:00.000 UTC,152.309,152.309,152.297,152.297,53.79
02.01.2018 02:57:00.000 UTC,152.297,152.303,152.297,152.301,32.48
02.01.2018 02:58:00.000 UTC,152.302,152.302,152.301,152.301,7.68
02.01.2018 02:59:00.000 UTC,152.3,152.304,152.295,152.303,47.13
02.01.2018 03:00:00.000 UTC,152.301,152.313,152.297,152.313,66.87
02.01.2018 03:01:00.000 UTC,152.313,152.321,152.308,152.321,32.45
02.01.2018 03:02:00.000 UTC,152.321,152.322,152.321,152.321,22.22
02.01.2018 03:03:00.000 UTC,152.321,152.321,152.317,152.318,33.85
02.01.2018 03:04:00.000 UTC,152.318,152.327,152.318,152.327,30.77
02.01.2018 03:05:00.000 UTC,152.327,152.336,152.327,152.329,49.06
02.01.2018 03:06:00.000 UTC,152.33,152.334,152.322,152.331,71.84
02.01.2018 03:07:00.000 UTC,152.331,152.331,152.301,152.312,91.51
02.01.2018 03:08:00.000 UTC,152.312,152.312,152.298,152.308,69.43
02.01.2018 03:09:00.000 UTC,152.309,152.322,152.305,152.316,60.39
02.01.2018 03:10:00.000 UTC,152.316,152.324,152.316,152.324,37.46
02.01.2018 03:11:00.000 UTC,152.32,152.333,152.32,152.333,57.94
02.01.2018 03:12:00.000 UTC,152.333,152.333,152.317,152.317,41.91
02.01.2018 03:13:00.000 UTC,152.317,152.331,152.317,152.321,37.05
02.01.2018 03:14:00.000 UTC,152.323,152.33,152.321,152.329,56.2
02.01.2018 03:15:00.000 UTC,152.331,152.331,152.322,152.322,26.31
02.01.2018 03:16:00.000 UTC,152.322,152.334,152.322,152.334,24.11
02.01.2018 03:17:00.000 UTC,152.334,152.342,152.333,152.334,32.48
02.01.2018 03:18:00.000 UTC,152.334,152.342,152.322,152.34,28.14
02.01.2018 03:19:00.000 UTC,152.338,152.348,152.338,152.346,50.73
02.01.2018 03:20:00.000 UTC,152.356,152.358,152.339,152.346,50.05
02.01.2018 03:21:00.000 UTC,152.347,152.348,152.328,152.339,53.01
02.01.2018 03:22:00.000 UTC,152.34,152.346,152.34,152.341,32.33
02.01.2018 03:23:00.000 UTC,152.346,152.359,152.343,152.359,51.65
02.01.2018 03:24:00.000 UTC,152.359,152.365,152.359,152.365,17.36
02.01.2018 03:25:00.000 UTC,152.364,152.379,152.362,152.379,71
02.01.2018 03:26:00.000 UTC,152.376,152.386,152.376,152.378,49.37
02.01.2018 03:27:00.000 UTC,152.378,152.381,152.378,152.378,12.93
02.01.2018 03:28:00.000 UTC,152.378,152.382,152.374,152.374,44.96
02.01.2018 03:29:00.000 UTC,152.375,152.375,152.373,152.374,23.86
02.01.2018 03:30:00.000 UTC,152.376,152.378,152.355,152.358,65.87
02.01.2018 03:31:00.000 UTC,152.358,152.36,152.353,152.353,44.4
02.01.2018 03:32:00.000 UTC,152.355,152.358,152.352,152.358,26.12
02.01.2018 03:33:00.000 UTC,152.36,152.361,152.359,152.359,17.13
02.01.2018 03:34:00.000 UTC,152.356,152.356,152.349,152.351,24.96
02.01.2018 03:35:00.000 UTC,152.349,152.349,152.343,152.349,27.76
02.01.2018 03:36:00.000 UTC,152.352,152.366,152.352,152.36,29.52
02.01.2018 03:37:00.000 UTC,152.36,152.36,152.358,152.358,18.97
02.01.2018 03:38:00.000 UTC,152.358,152.369,152.355,152.366,52.61
02.01.2018 03:39:00.000 UTC,152.367,152.374,152.362,152.365,38.48
02.01.2018 03:40:00.000 UTC,152.365,152.38,152.364,152.374,33.77
02.01.2018 03:41:00.000 UTC,152.374,152.374,152.371,152.371,15.83
02.01.2018 03:42:00.000 UTC,152.371,152.374,152.353,152.361,30.39
02.01.2018 03:43:00.000 UTC,152.362,152.373,152.362,152.369,32.88
02.01.2018 03:44:00.000 UTC,152.368,152.374,152.357,152.369,59.67
02.01.2018 03:45:00.000 UTC,152.369,152.372,152.369,152.372,18.12
02.01.2018 03:46:00.000 UTC,152.369,152.371,152.359,152.368,52.14
02.01.2018 03:47:00.000 UTC,152.37,152.373,152.367,152.369,21.19
02.01.2018 03:48:00.000 UTC,152.368,152.374,152.368,152.371,35.78
02.01.2018 03:49:00.000 UTC,152.371,152.371,152.357,152.357,20.44
02.01.2018 03:50:00.000 UTC,152.358,152.363,152.357,152.357,25.64
02.01.2018 03:51:00.000 UTC,152.357,152.357,152.345,152.345,31.38
02.01.2018 03:52:00.000 UTC,152.345,152.347,152.345,152.347,10.18
02.01.2018 03:53:00.000 UTC,152.347,152.361,152.347,152.361,36.76
02.01.2018 03:54:00.000 UTC,152.361,152.361,152.358,152.36,29.21
02.01.2018 03:55:00.000 UTC,152.36,152.36,152.357,152.357,9.38
02.01.2018 03:56:00.000 UTC,152.357,152.358,152.329,152.337,57.54
02.01.2018 03:57:00.000 UTC,152.334,152.344,152.332,152.34,38.43
02.01.2018 03:58:00.000 UTC,152.339,152.352,152.339,152.344,45.33
02.01.2018 03:59:00.000 UTC,152.344,152.345,152.341,152.342,48.81
02.01.2018 04:00:00.000 UTC,152.342,152.347,152.335,152.342,37.81
02.01.2018 04:01:00.000 UTC,152.342,152.342,152.337,152.339,33
02.01.2018 04:02:00.000 UTC,152.335,152.338,152.326,152.329,22.39
02.01.2018 04:03:00.000 UTC,152.329,152.329,152.325,152.326,29.64
02.01.2018 04:04:00.000 UTC,152.325,152.329,152.319,152.319,25.88
02.01.2018 04:05:00.000 UTC,152.319,152.32,152.293,152.307,62.78
02.01.2018 04:06:00.000 UTC,152.305,152.327,152.305,152.327,29.02
02.01.2018 04:07:00.000 UTC,152.327,152.327,152.326,152.326,8.33
02.01.2018 04:08:00.000 UTC,152.326,152.326,152.313,152.313,19.21
02.01.2018 04:09:00.000 UTC,152.314,152.319,152.314,152.319,28.2
02.01.2018 04:10:00.000 UTC,152.319,152.331,152.319,152.33,25.16
02.01.2018 04:11:00.000 UTC,152.331,152.352,152.331,152.352,56.14
02.01.2018 04:12:00.000 UTC,152.351,152.362,152.351,152.359,51.15
02.01.2018 04:13:00.000 UTC,152.359,152.365,152.353,152.365,52.51
02.01.2018 04:14:00.000 UTC,152.364,152.374,152.359,152.359,63.26
02.01.2018 04:15:00.000 UTC,152.359,152.36,152.353,152.353,19.1
02.01.2018 04:16:00.000 UTC,152.35,152.356,152.345,152.345,33.09
02.01.2018 04:17:00.000 UTC,152.344,152.349,152.343,152.345,25.34
02.01.2018 04:18:00.000 UTC,152.345,152.354,152.345,152.354,29.83
02.01.2018 04:19:00.000 UTC,152.354,152.375,152.354,152.373,30.86
02.01.2018 04:20:00.000 UTC,152.374,152.391,152.373,152.389,68.47
02.01.2018 04:21:00.000 UTC,152.39,152.393,152.385,152.388,77.21
02.01.2018 04:22:00.000 UTC,152.388,152.392,152.386,152.387,119.78
02.01.2018 04:23:00.000 UTC,152.387,152.388,152.378,152.383,87.46
02.01.2018 04:24:00.000 UTC,152.383,152.383,152.371,152.371,24.16
02.01.2018 04:25:00.000 UTC,152.372,152.378,152.37,152.373,27.22
02.01.2018 04:26:00.000 UTC,152.371,152.373,152.365,152.367,59.48
02.01.2018 04:27:00.000 UTC,152.366,152.366,152.36,152.36,35.94
02.01.2018 04:28:00.000 UTC,152.36,152.371,152.358,152.365,55.12
02.01.2018 04:29:00.000 UTC,152.365,152.381,152.365,152.378,155.26
02.01.2018 04:30:00.000 UTC,152.376,152.379,152.323,152.333,71.29
02.01.2018 04:31:00.000 UTC,152.332,152.337,152.312,152.319,83.47
02.01.2018 04:32:00.000 UTC,152.32,152.338,152.317,152.325,71.93
02.01.2018 04:33:00.000 UTC,152.325,152.325,152.308,152.31,40.3
02.01.2018 04:34:00.000 UTC,152.308,152.322,152.308,152.322,35.12
02.01.2018 04:35:00.000 UTC,152.323,152.326,152.323,152.323,14.63
02.01.2018 04:36:00.000 UTC,152.323,152.328,152.321,152.325,19.99
02.01.2018 04:37:00.000 UTC,152.325,152.325,152.321,152.321,29.59
02.01.2018 04:38:00.000 UTC,152.321,152.331,152.321,152.331,38.68
02.01.2018 04:39:00.000 UTC,152.328,152.328,152.321,152.323,34.51
02.01.2018 04:40:00.000 UTC,152.321,152.333,152.321,152.333,27.88
02.01.2018 04:41:00.000 UTC,152.336,152.338,152.332,152.332,38.17
02.01.2018 04:42:00.000 UTC,152.33,152.331,152.322,152.322,32.02
02.01.2018 04:43:00.000 UTC,152.322,152.324,152.321,152.323,48.83
02.01.2018 04:44:00.000 UTC,152.321,152.327,152.321,152.323,26.06
02.01.2018 04:45:00.000 UTC,152.322,152.324,152.32,152.321,59.46
02.01.2018 04:46:00.000 UTC,152.321,152.321,152.319,152.319,63.21
02.01.2018 04:47:00.000 UTC,152.319,152.322,152.31,152.31,91.18
02.01.2018 04:48:00.000 UTC,152.311,152.313,152.309,152.312,87.09
02.01.2018 04:49:00.000 UTC,152.313,152.314,152.31,152.31,89.34
02.01.2018 04:50:00.000 UTC,152.311,152.318,152.31,152.311,60.14
02.01.2018 04:51:00.000 UTC,152.31,152.326,152.31,152.325,50.93
02.01.2018 04:52:00.000 UTC,152.326,152.326,152.325,152.326,6.25
02.01.2018 04:53:00.000 UTC,152.327,152.327,152.318,152.318,28.62
02.01.2018 04:54:00.000 UTC,152.319,152.321,152.318,152.321,20.07
02.01.2018 04:55:00.000 UTC,152.323,152.327,152.32,152.32,14.57
02.01.2018 04:56:00.000 UTC,152.32,152.323,152.318,152.318,32.31
02.01.2018 04:57:00.000 UTC,152.318,152.328,152.318,152.326,33.47
02.01.2018 04:58:00.000 UTC,152.327,152.328,152.304,152.31,94.29
02.01.2018 04:59:00.000 UTC,152.309,152.309,152.302,152.309,28.44
02.01.2018 05:00:00.000 UTC,152.311,152.316,152.306,152.309,24.64
02.01.2018 05:01:00.000 UTC,152.31,152.316,152.31,152.312,14.24
02.01.2018 05:02:00.000 UTC,152.316,152.328,152.316,152.328,25.11
02.01.2018 05:03:00.000 UTC,152.327,152.327,152.322,152.322,9.94
02.01.2018 05:04:00.000 UTC,152.324,152.327,152.323,152.323,15.31
02.01.2018 05:05:00.000 UTC,152.327,152.327,152.324,152.324,13.26
02.01.2018 05:06:00.000 UTC,152.322,152.322,152.317,152.317,21.93
02.01.2018 05:07:00.000 UTC,152.317,152.319,152.315,152.319,23.21
02.01.2018 05:08:00.000 UTC,152.319,152.323,152.319,152.323,19.57
02.01.2018 05:09:00.000 UTC,152.325,152.334,152.325,152.328,17.43
02.01.2018 05:10:00.000 UTC,152.328,152.33,152.324,152.325,16.18
02.01.2018 05:11:00.000 UTC,152.33,152.35,152.33,152.348,37.08
02.01.2018 05:12:00.000 UTC,152.348,152.362,152.346,152.359,36.99
02.01.2018 05:13:00.000 UTC,152.359,152.37,152.349,152.369,58.34
02.01.2018 05:14:00.000 UTC,152.369,152.372,152.366,152.372,35.09
02.01.2018 05:15:00.000 UTC,152.372,152.372,152.367,152.367,82.53
02.01.2018 05:16:00.000 UTC,152.367,152.37,152.366,152.37,135.24
02.01.2018 05:17:00.000 UTC,152.37,152.37,152.351,152.355,38.57
02.01.2018 05:18:00.000 UTC,152.355,152.356,152.348,152.356,65.54
02.01.2018 05:19:00.000 UTC,152.356,152.372,152.356,152.366,30.94
02.01.2018 05:20:00.000 UTC,152.363,152.363,152.359,152.359,12.32
02.01.2018 05:21:00.000 UTC,152.359,152.362,152.35,152.35,47.99
02.01.2018 05:22:00.000 UTC,152.35,152.364,152.349,152.362,55.25
02.01.2018 05:23:00.000 UTC,152.361,152.367,152.36,152.367,28.92
02.01.2018 05:24:00.000 UTC,152.367,152.369,152.357,152.357,26.02
02.01.2018 05:25:00.000 UTC,152.357,152.358,152.355,152.356,11.25
02.01.2018 05:26:00.000 UTC,152.357,152.357,152.351,152.355,19.5
02.01.2018 05:27:00.000 UTC,152.355,152.359,152.355,152.357,44.63
02.01.2018 05:28:00.000 UTC,152.358,152.384,152.354,152.354,88.55
02.01.2018 05:29:00.000 UTC,152.354,152.362,152.354,152.36,77.21
02.01.2018 05:30:00.000 UTC,152.36,152.367,152.359,152.367,27.26
02.01.2018 05:31:00.000 UTC,152.367,152.371,152.367,152.371,27.05
02.01.2018 05:32:00.000 UTC,152.371,152.371,152.371,152.371,8.44
02.01.2018 05:33:00.000 UTC,152.372,152.376,152.372,152.374,12.93
02.01.2018 05:34:00.000 UTC,152.374,152.374,152.364,152.364,44.37
02.01.2018 05:35:00.000 UTC,152.364,152.367,152.364,152.366,19.36
02.01.2018 05:36:00.000 UTC,152.366,152.367,152.366,152.366,57.76
02.01.2018 05:37:00.000 UTC,152.367,152.368,152.366,152.366,41.07
02.01.2018 05:38:00.000 UTC,152.367,152.367,152.356,152.356,37.89
02.01.2018 05:39:00.000 UTC,152.356,152.362,152.356,152.362,45.3
02.01.2018 05:40:00.000 UTC,152.362,152.369,152.362,152.367,38.1
02.01.2018 05:41:00.000 UTC,152.367,152.367,152.361,152.364,32.56
02.01.2018 05:42:00.000 UTC,152.366,152.37,152.357,152.359,29
02.01.2018 05:43:00.000 UTC,152.357,152.365,152.352,152.36,61.55
02.01.2018 05:44:00.000 UTC,152.359,152.363,152.358,152.358,33.54
02.01.2018 05:45:00.000 UTC,152.358,152.361,152.351,152.351,47.71
02.01.2018 05:46:00.000 UTC,152.351,152.351,152.348,152.348,7.88
02.01.2018 05:47:00.000 UTC,152.349,152.358,152.348,152.349,45.26
02.01.2018 05:48:00.000 UTC,152.349,152.358,152.349,152.354,78.32
02.01.2018 05:49:00.000 UTC,152.354,152.362,152.353,152.357,59.63
02.01.2018 05:50:00.000 UTC,152.356,152.372,152.356,152.367,49.1
02.01.2018 05:51:00.000 UTC,152.367,152.369,152.367,152.369,21.12
02.01.2018 05:52:00.000 UTC,152.369,152.375,152.367,152.374,32.25
02.01.2018 05:53:00.000 UTC,152.374,152.374,152.365,152.366,42.73
02.01.2018 05:54:00.000 UTC,152.366,152.378,152.362,152.375,37.2
02.01.2018 05:55:00.000 UTC,152.375,152.385,152.346,152.346,81.42
02.01.2018 05:56:00.000 UTC,152.35,152.357,152.343,152.357,54.39
02.01.2018 05:57:00.000 UTC,152.357,152.357,152.327,152.331,51.79
02.01.2018 05:58:00.000 UTC,152.331,152.332,152.313,152.325,67.22
02.01.2018 05:59:00.000 UTC,152.322,152.388,152.322,152.38,89.45
02.01.2018 06:00:00.000 UTC,152.38,152.38,152.342,152.347,78.13
02.01.2018 06:01:00.000 UTC,152.346,152.367,152.346,152.36,46.68
02.01.2018 06:02:00.000 UTC,152.36,152.369,152.357,152.369,62.58
02.01.2018 06:03:00.000 UTC,152.369,152.369,152.338,152.346,101.08
02.01.2018 06:04:00.000 UTC,152.346,152.348,152.329,152.336,94.01
02.01.2018 06:05:00.000 UTC,152.336,152.353,152.336,152.353,56.27
02.01.2018 06:06:00.000 UTC,152.353,152.353,152.321,152.321,127.25
02.01.2018 06:07:00.000 UTC,152.322,152.35,152.321,152.35,90.5
02.01.2018 06:08:00.000 UTC,152.349,152.374,152.33,152.337,145.46
02.01.2018 06:09:00.000 UTC,152.336,152.345,152.336,152.341,52.29
02.01.2018 06:10:00.000 UTC,152.34,152.359,152.34,152.358,72.34
02.01.2018 06:11:00.000 UTC,152.358,152.359,152.348,152.359,92.06
02.01.2018 06:12:00.000 UTC,152.36,152.362,152.357,152.359,79.39
02.01.2018 06:13:00.000 UTC,152.359,152.381,152.358,152.363,87.22
02.01.2018 06:14:00.000 UTC,152.364,152.373,152.354,152.354,107.46
02.01.2018 06:15:00.000 UTC,152.356,152.37,152.355,152.367,77.72
02.01.2018 06:16:00.000 UTC,152.368,152.37,152.364,152.366,45.54
02.01.2018 06:17:00.000 UTC,152.366,152.369,152.349,152.349,50.71
02.01.2018 06:18:00.000 UTC,152.347,152.352,152.346,152.35,33.02
02.01.2018 06:19:00.000 UTC,152.35,152.362,152.349,152.357,63.97
02.01.2018 06:20:00.000 UTC,152.356,152.357,152.346,152.346,47.02
02.01.2018 06:21:00.000 UTC,152.345,152.345,152.334,152.342,104.85
02.01.2018 06:22:00.000 UTC,152.342,152.345,152.333,152.333,45.53
02.01.2018 06:23:00.000 UTC,152.333,152.333,152.325,152.326,34.66
02.01.2018 06:24:00.000 UTC,152.327,152.333,152.327,152.333,25.73
02.01.2018 06:25:00.000 UTC,152.334,152.334,152.313,152.314,22.63
02.01.2018 06:26:00.000 UTC,152.315,152.346,152.315,152.346,50.18
02.01.2018 06:27:00.000 UTC,152.348,152.351,152.346,152.346,62.11
02.01.2018 06:28:00.000 UTC,152.346,152.348,152.34,152.34,27.01
02.01.2018 06:29:00.000 UTC,152.34,152.34,152.33,152.337,39.99
02.01.2018 06:30:00.000 UTC,152.336,152.339,152.333,152.337,36.74
02.01.2018 06:31:00.000 UTC,152.335,152.34,152.316,152.322,65.07
02.01.2018 06:32:00.000 UTC,152.322,152.323,152.318,152.318,33.08
02.01.2018 06:33:00.000 UTC,152.321,152.326,152.314,152.326,30.8
02.01.2018 06:34:00.000 UTC,152.325,152.33,152.321,152.326,52.74
02.01.2018 06:35:00.000 UTC,152.325,152.325,152.32,152.325,31.38
02.01.2018 06:36:00.000 UTC,152.325,152.331,152.323,152.331,57.11
02.01.2018 06:37:00.000 UTC,152.331,152.334,152.331,152.334,18.45
02.01.2018 06:38:00.000 UTC,152.334,152.342,152.334,152.342,58.09
02.01.2018 06:39:00.000 UTC,152.344,152.375,152.344,152.366,44.18
02.01.2018 06:40:00.000 UTC,152.366,152.376,152.366,152.376,42.4
02.01.2018 06:41:00.000 UTC,152.376,152.396,152.368,152.381,59.06
02.01.2018 06:42:00.000 UTC,152.381,152.392,152.381,152.389,33.31
02.01.2018 06:43:00.000 UTC,152.389,152.394,152.384,152.384,32.22
02.01.2018 06:44:00.000 UTC,152.384,152.384,152.374,152.378,30.9
02.01.2018 06:45:00.000 UTC,152.378,152.378,152.363,152.364,63.78
02.01.2018 06:46:00.000 UTC,152.365,152.374,152.348,152.352,86.71
02.01.2018 06:47:00.000 UTC,152.352,152.355,152.324,152.338,92.5
02.01.2018 06:48:00.000 UTC,152.338,152.346,152.338,152.339,49.69
02.01.2018 06:49:00.000 UTC,152.34,152.359,152.34,152.351,77.1
02.01.2018 06:50:00.000 UTC,152.351,152.352,152.331,152.334,94.26
02.01.2018 06:51:00.000 UTC,152.333,152.344,152.333,152.335,31.65
02.01.2018 06:52:00.000 UTC,152.333,152.34,152.327,152.338,95.67
02.01.2018 06:53:00.000 UTC,152.337,152.337,152.33,152.332,46.79
02.01.2018 06:54:00.000 UTC,152.333,152.345,152.333,152.339,39.38
02.01.2018 06:55:00.000 UTC,152.341,152.349,152.338,152.348,52.21
02.01.2018 06:56:00.000 UTC,152.349,152.368,152.349,152.354,57.36
02.01.2018 06:57:00.000 UTC,152.355,152.358,152.341,152.353,102.74
02.01.2018 06:58:00.000 UTC,152.352,152.361,152.348,152.348,75.5
02.01.2018 06:59:00.000 UTC,152.349,152.349,152.337,152.343,80.94
02.01.2018 07:00:00.000 UTC,152.343,152.36,152.324,152.36,119.62
02.01.2018 07:01:00.000 UTC,152.362,152.399,152.362,152.396,163.34
02.01.2018 07:02:00.000 UTC,152.398,152.431,152.398,152.426,122.36
02.01.2018 07:03:00.000 UTC,152.427,152.467,152.425,152.449,113.62
02.01.2018 07:04:00.000 UTC,152.449,152.473,152.449,152.46,73.78
02.01.2018 07:05:00.000 UTC,152.462,152.465,152.428,152.433,97.07
02.01.2018 07:06:00.000 UTC,152.431,152.447,152.431,152.439,78.3
02.01.2018 07:07:00.000 UTC,152.44,152.448,152.435,152.446,101.84
02.01.2018 07:08:00.000 UTC,152.446,152.461,152.446,152.458,109.93
02.01.2018 07:09:00.000 UTC,152.458,152.458,152.431,152.435,111.34
02.01.2018 07:10:00.000 UTC,152.436,152.436,152.397,152.418,154.05
02.01.2018 07:11:00.000 UTC,152.42,152.42,152.385,152.385,136.6
02.01.2018 07:12:00.000 UTC,152.384,152.39,152.373,152.379,160.93
02.01.2018 07:13:00.000 UTC,152.381,152.394,152.372,152.39,93.83
02.01.2018 07:14:00.000 UTC,152.387,152.388,152.363,152.378,107.74
02.01.2018 07:15:00.000 UTC,152.379,152.389,152.374,152.389,127.52
02.01.2018 07:16:00.000 UTC,152.391,152.399,152.373,152.379,140.56
02.01.2018 07:17:00.000 UTC,152.379,152.389,152.375,152.377,127.26
02.01.2018 07:18:00.000 UTC,152.377,152.383,152.372,152.382,79.24
02.01.2018 07:19:00.000 UTC,152.383,152.394,152.381,152.394,95.58
02.01.2018 07:20:00.000 UTC,152.397,152.415,152.392,152.396,118.14
02.01.2018 07:21:00.000 UTC,152.396,152.406,152.396,152.404,70.66
02.01.2018 07:22:00.000 UTC,152.402,152.423,152.402,152.406,101.99
02.01.2018 07:23:00.000 UTC,152.407,152.409,152.392,152.395,79.6
02.01.2018 07:24:00.000 UTC,152.395,152.401,152.391,152.392,105.26
02.01.2018 07:25:00.000 UTC,152.391,152.391,152.361,152.383,166.29
02.01.2018 07:26:00.000 UTC,152.382,152.392,152.382,152.385,113.73
02.01.2018 07:27:00.000 UTC,152.388,152.398,152.38,152.381,93.52
02.01.2018 07:28:00.000 UTC,152.378,152.402,152.375,152.381,106.96
02.01.2018 07:29:00.000 UTC,152.381,152.388,152.357,152.357,126.74
02.01.2018 07:30:00.000 UTC,152.356,152.356,152.335,152.342,94.04
02.01.2018 07:31:00.000 UTC,152.341,152.375,152.341,152.372,76.76
02.01.2018 07:32:00.000 UTC,152.372,152.383,152.361,152.365,104.72
02.01.2018 07:33:00.000 UTC,152.365,152.365,152.336,152.345,96.28
02.01.2018 07:34:00.000 UTC,152.343,152.344,152.329,152.34,90.33
02.01.2018 07:35:00.000 UTC,152.341,152.361,152.338,152.344,93.87
02.01.2018 07:36:00.000 UTC,152.343,152.347,152.319,152.327,139.23
02.01.2018 07:37:00.000 UTC,152.328,152.329,152.317,152.325,83.28
02.01.2018 07:38:00.000 UTC,152.325,152.341,152.324,152.324,59.42
02.01.2018 07:39:00.000 UTC,152.324,152.335,152.315,152.335,63.68
02.01.2018 07:40:00.000 UTC,152.335,152.341,152.33,152.339,40.09
02.01.2018 07:41:00.000 UTC,152.339,152.35,152.325,152.34,185.84
02.01.2018 07:42:00.000 UTC,152.345,152.417,152.34,152.365,133.17
02.01.2018 07:43:00.000 UTC,152.364,152.379,152.355,152.367,126.36
02.01.2018 07:44:00.000 UTC,152.367,152.394,152.367,152.384,125.57
02.01.2018 07:45:00.000 UTC,152.385,152.418,152.385,152.4,138.55
02.01.2018 07:46:00.000 UTC,152.401,152.413,152.372,152.38,106.94
02.01.2018 07:47:00.000 UTC,152.38,152.409,152.379,152.393,116.36
02.01.2018 07:48:00.000 UTC,152.394,152.409,152.394,152.409,92.1
02.01.2018 07:49:00.000 UTC,152.409,152.422,152.401,152.422,36.86
02.01.2018 07:50:00.000 UTC,152.422,152.431,152.401,152.422,75.87
02.01.2018 07:51:00.000 UTC,152.423,152.423,152.409,152.418,55.82
02.01.2018 07:52:00.000 UTC,152.418,152.439,152.418,152.438,63.39
02.01.2018 07:53:00.000 UTC,152.438,152.443,152.425,152.429,69.15
02.01.2018 07:54:00.000 UTC,152.427,152.43,152.411,152.416,68.69
02.01.2018 07:55:00.000 UTC,152.415,152.468,152.414,152.453,108.06
02.01.2018 07:56:00.000 UTC,152.453,152.466,152.431,152.443,117.85
02.01.2018 07:57:00.000 UTC,152.443,152.459,152.437,152.454,145.89
02.01.2018 07:58:00.000 UTC,152.455,152.455,152.423,152.427,105.23
02.01.2018 07:59:00.000 UTC,152.427,152.439,152.418,152.438,125.4
02.01.2018 08:00:00.000 UTC,152.439,152.492,152.409,152.469,178.49
02.01.2018 08:01:00.000 UTC,152.466,152.507,152.454,152.479,207.96
02.01.2018 08:02:00.000 UTC,152.478,152.483,152.464,152.477,136.16
02.01.2018 08:03:00.000 UTC,152.477,152.49,152.445,152.47,125.69
02.01.2018 08:04:00.000 UTC,152.477,152.487,152.459,152.459,131.7
02.01.2018 08:05:00.000 UTC,152.459,152.495,152.459,152.494,150.7
02.01.2018 08:06:00.000 UTC,152.5,152.5,152.461,152.47,171.91
02.01.2018 08:07:00.000 UTC,152.469,152.474,152.435,152.435,176.2
02.01.2018 08:08:00.000 UTC,152.435,152.453,152.426,152.437,139.59
02.01.2018 08:09:00.000 UTC,152.437,152.441,152.407,152.42,164.83
02.01.2018 08:10:00.000 UTC,152.422,152.44,152.421,152.429,115.44
02.01.2018 08:11:00.000 UTC,152.433,152.435,152.411,152.422,110.51
02.01.2018 08:12:00.000 UTC,152.421,152.43,152.414,152.419,121.25
02.01.2018 08:13:00.000 UTC,152.417,152.468,152.404,152.432,159.72
02.01.2018 08:14:00.000 UTC,152.434,152.454,152.432,152.436,119.06
02.01.2018 08:15:00.000 UTC,152.43,152.436,152.42,152.424,103.74
02.01.2018 08:16:00.000 UTC,152.427,152.437,152.422,152.435,89.25
02.01.2018 08:17:00.000 UTC,152.435,152.441,152.426,152.438,92.83
02.01.2018 08:18:00.000 UTC,152.439,152.499,152.435,152.492,111.54
02.01.2018 08:19:00.000 UTC,152.492,152.509,152.492,152.504,102.84
02.01.2018 08:20:00.000 UTC,152.503,152.511,152.49,152.502,146.71
02.01.2018 08:21:00.000 UTC,152.502,152.515,152.49,152.503,117.04
02.01.2018 08:22:00.000 UTC,152.503,152.521,152.503,152.509,93.58
02.01.2018 08:23:00.000 UTC,152.51,152.528,152.51,152.516,77.23
02.01.2018 08:24:00.000 UTC,152.515,152.516,152.465,152.468,181.58
02.01.2018 08:25:00.000 UTC,152.466,152.467,152.44,152.452,173.16
02.01.2018 08:26:00.000 UTC,152.451,152.452,152.429,152.442,162.83
02.01.2018 08:27:00.000 UTC,152.442,152.442,152.393,152.414,111.81
02.01.2018 08:28:00.000 UTC,152.413,152.424,152.401,152.414,192.99
02.01.2018 08:29:00.000 UTC,152.413,152.419,152.384,152.389,166.31
02.01.2018 08:30:00.000 UTC,152.389,152.389,152.343,152.349,195.38
02.01.2018 08:31:00.000 UTC,152.349,152.461,152.349,152.439,213.63
02.01.2018 08:32:00.000 UTC,152.445,152.469,152.391,152.433,192.92
02.01.2018 08:33:00.000 UTC,152.433,152.433,152.378,152.414,153.54
02.01.2018 08:34:00.000 UTC,152.414,152.414,152.377,152.382,105.08
02.01.2018 08:35:00.000 UTC,152.383,152.398,152.363,152.397,116.39
02.01.2018 08:36:00.000 UTC,152.397,152.397,152.376,152.382,134
02.01.2018 08:37:00.000 UTC,152.382,152.438,152.382,152.425,239.3
02.01.2018 08:38:00.000 UTC,152.425,152.425,152.385,152.39,180.19
02.01.2018 08:39:00.000 UTC,152.393,152.398,152.373,152.373,111.6
02.01.2018 08:40:00.000 UTC,152.373,152.387,152.363,152.372,123.88
02.01.2018 08:41:00.000 UTC,152.372,152.372,152.359,152.359,74.81
02.01.2018 08:42:00.000 UTC,152.36,152.368,152.34,152.34,109.86
02.01.2018 08:43:00.000 UTC,152.339,152.364,152.339,152.36,118.85
02.01.2018 08:44:00.000 UTC,152.36,152.36,152.324,152.328,113.77
02.01.2018 08:45:00.000 UTC,152.329,152.336,152.305,152.306,145.67
02.01.2018 08:46:00.000 UTC,152.306,152.315,152.293,152.296,136.04
02.01.2018 08:47:00.000 UTC,152.296,152.306,152.295,152.297,113.34
02.01.2018 08:48:00.000 UTC,152.297,152.318,152.297,152.302,118.28
02.01.2018 08:49:00.000 UTC,152.304,152.344,152.304,152.344,122.52
02.01.2018 08:50:00.000 UTC,152.344,152.358,152.343,152.358,106.93
02.01.2018 08:51:00.000 UTC,152.357,152.362,152.35,152.361,89.73
02.01.2018 08:52:00.000 UTC,152.359,152.369,152.35,152.358,143.98
02.01.2018 08:53:00.000 UTC,152.358,152.368,152.353,152.353,83.29
02.01.2018 08:54:00.000 UTC,152.353,152.353,152.301,152.309,102.23
02.01.2018 08:55:00.000 UTC,152.308,152.317,152.264,152.264,118.77
02.01.2018 08:56:00.000 UTC,152.264,152.286,152.248,152.25,136.23
02.01.2018 08:57:00.000 UTC,152.247,152.327,152.247,152.327,87.58
02.01.2018 08:58:00.000 UTC,152.328,152.335,152.286,152.321,111.73
02.01.2018 08:59:00.000 UTC,152.321,152.341,152.304,152.324,145.22
02.01.2018 09:00:00.000 UTC,152.326,152.326,152.282,152.321,240.96
02.01.2018 09:01:00.000 UTC,152.326,152.342,152.306,152.331,100.14
02.01.2018 09:02:00.000 UTC,152.332,152.344,152.331,152.34,70.03
02.01.2018 09:03:00.000 UTC,152.339,152.36,152.327,152.352,156.4
02.01.2018 09:04:00.000 UTC,152.352,152.356,152.339,152.356,68.93
02.01.2018 09:05:00.000 UTC,152.356,152.37,152.35,152.363,69.91
02.01.2018 09:06:00.000 UTC,152.363,152.378,152.362,152.363,64.44
02.01.2018 09:07:00.000 UTC,152.365,152.381,152.345,152.357,119.87
02.01.2018 09:08:00.000 UTC,152.358,152.368,152.358,152.359,90.59
02.01.2018 09:09:00.000 UTC,152.36,152.365,152.344,152.353,100.57
02.01.2018 09:10:00.000 UTC,152.353,152.421,152.346,152.416,153.07
02.01.2018 09:11:00.000 UTC,152.42,152.421,152.384,152.384,101.56
02.01.2018 09:12:00.000 UTC,152.384,152.396,152.375,152.375,142.2
02.01.2018 09:13:00.000 UTC,152.377,152.384,152.351,152.354,141.81
02.01.2018 09:14:00.000 UTC,152.354,152.379,152.351,152.374,119.18
02.01.2018 09:15:00.000 UTC,152.374,152.382,152.374,152.376,59.89
02.01.2018 09:16:00.000 UTC,152.375,152.395,152.372,152.393,79.86
02.01.2018 09:17:00.000 UTC,152.394,152.408,152.388,152.397,96.53
02.01.2018 09:18:00.000 UTC,152.397,152.399,152.389,152.394,58.52
02.01.2018 09:19:00.000 UTC,152.396,152.401,152.391,152.401,103.01
02.01.2018 09:20:00.000 UTC,152.401,152.401,152.374,152.381,74.07
02.01.2018 09:21:00.000 UTC,152.381,152.386,152.38,152.381,63.3
02.01.2018 09:22:00.000 UTC,152.379,152.38,152.359,152.377,80.43
02.01.2018 09:23:00.000 UTC,152.377,152.378,152.364,152.365,110.64
02.01.2018 09:24:00.000 UTC,152.365,152.369,152.342,152.342,62.74
02.01.2018 09:25:00.000 UTC,152.34,152.347,152.33,152.345,130.63
02.01.2018 09:26:00.000 UTC,152.343,152.343,152.326,152.33,95.65
02.01.2018 09:27:00.000 UTC,152.33,152.343,152.325,152.334,139.92
02.01.2018 09:28:00.000 UTC,152.334,152.345,152.32,152.329,138.03
02.01.2018 09:29:00.000 UTC,152.329,152.353,152.319,152.337,199.38
02.01.2018 09:30:00.000 UTC,152.33,152.33,152.214,152.224,262.98
02.01.2018 09:31:00.000 UTC,152.225,152.226,152.182,152.219,184.99
02.01.2018 09:32:00.000 UTC,152.219,152.28,152.219,152.27,163.67
02.01.2018 09:33:00.000 UTC,152.269,152.277,152.257,152.268,93.72
02.01.2018 09:34:00.000 UTC,152.268,152.281,152.268,152.273,74.87
02.01.2018 09:35:00.000 UTC,152.276,152.287,152.27,152.284,86.55
02.01.2018 09:36:00.000 UTC,152.286,152.315,152.268,152.299,128.18
02.01.2018 09:37:00.000 UTC,152.299,152.341,152.299,152.33,128.43
02.01.2018 09:38:00.000 UTC,152.33,152.332,152.306,152.309,74.49
02.01.2018 09:39:00.000 UTC,152.308,152.314,152.295,152.295,71.22
02.01.2018 09:40:00.000 UTC,152.296,152.297,152.272,152.297,79.14
02.01.2018 09:41:00.000 UTC,152.297,152.32,152.292,152.304,91.47
02.01.2018 09:42:00.000 UTC,152.306,152.315,152.296,152.296,88.39
02.01.2018 09:43:00.000 UTC,152.296,152.298,152.269,152.297,171.13
02.01.2018 09:44:00.000 UTC,152.297,152.313,152.276,152.303,242.55
02.01.2018 09:45:00.000 UTC,152.302,152.312,152.278,152.278,87.83
02.01.2018 09:46:00.000 UTC,152.277,152.341,152.269,152.326,157.65
02.01.2018 09:47:00.000 UTC,152.328,152.331,152.264,152.272,200.05
02.01.2018 09:48:00.000 UTC,152.272,152.302,152.263,152.301,161.34
02.01.2018 09:49:00.000 UTC,152.301,152.301,152.278,152.285,105.93
02.01.2018 09:50:00.000 UTC,152.286,152.286,152.247,152.248,107.2
02.01.2018 09:51:00.000 UTC,152.248,152.272,152.245,152.268,149.69
02.01.2018 09:52:00.000 UTC,152.27,152.28,152.265,152.265,82.18
02.01.2018 09:53:00.000 UTC,152.267,152.29,152.263,152.272,136.08
02.01.2018 09:54:00.000 UTC,152.28,152.288,152.244,152.247,127.43
02.01.2018 09:55:00.000 UTC,152.248,152.248,152.205,152.205,115.72
02.01.2018 09:56:00.000 UTC,152.205,152.215,152.199,152.205,111.82
02.01.2018 09:57:00.000 UTC,152.205,152.206,152.153,152.153,137.23
02.01.2018 09:58:00.000 UTC,152.151,152.152,152.018,152.113,331.56
02.01.2018 09:59:00.000 UTC,152.11,152.11,152.07,152.082,145.2
02.01.2018 10:00:00.000 UTC,152.086,152.086,151.975,151.982,268.83
02.01.2018 10:01:00.000 UTC,151.984,152.052,151.975,152.048,197.58
02.01.2018 10:02:00.000 UTC,152.05,152.065,151.994,152.008,207.4
02.01.2018 10:03:00.000 UTC,152.011,152.036,152.008,152.035,85.05
02.01.2018 10:04:00.000 UTC,152.037,152.073,152.037,152.065,112.17
02.01.2018 10:05:00.000 UTC,152.065,152.073,152.049,152.071,106.61
02.01.2018 10:06:00.000 UTC,152.068,152.079,152.06,152.068,122.26
02.01.2018 10:07:00.000 UTC,152.068,152.11,152.068,152.103,145.21
02.01.2018 10:08:00.000 UTC,152.103,152.115,152.098,152.098,99.37
02.01.2018 10:09:00.000 UTC,152.098,152.116,152.078,152.087,140.76
02.01.2018 10:10:00.000 UTC,152.087,152.09,152.076,152.087,69.14
02.01.2018 10:11:00.000 UTC,152.086,152.112,152.086,152.109,91.7
02.01.2018 10:12:00.000 UTC,152.109,152.109,152.091,152.1,73.99
02.01.2018 10:13:00.000 UTC,152.1,152.103,152.065,152.07,98.36
02.01.2018 10:14:00.000 UTC,152.07,152.08,152.065,152.065,71.93
02.01.2018 10:15:00.000 UTC,152.068,152.106,152.068,152.099,62.75
02.01.2018 10:16:00.000 UTC,152.1,152.103,152.076,152.078,104.33
02.01.2018 10:17:00.000 UTC,152.076,152.076,152.054,152.054,81.88
02.01.2018 10:18:00.000 UTC,152.055,152.062,152.054,152.061,57.26
02.01.2018 10:19:00.000 UTC,152.062,152.081,152.052,152.069,94.84
02.01.2018 10:20:00.000 UTC,152.069,152.069,152.053,152.065,73.21
02.01.2018 10:21:00.000 UTC,152.067,152.067,152.047,152.06,127.02
02.01.2018 10:22:00.000 UTC,152.063,152.077,152.055,152.077,104.86
02.01.2018 10:23:00.000 UTC,152.081,152.087,152.065,152.069,90.44
02.01.2018 10:24:00.000 UTC,152.068,152.08,152.065,152.075,111.29
02.01.2018 10:25:00.000 UTC,152.076,152.095,152.074,152.09,100.44
02.01.2018 10:26:00.000 UTC,152.09,152.097,152.069,152.071,105.03
02.01.2018 10:27:00.000 UTC,152.071,152.082,152.055,152.055,35.85
02.01.2018 10:28:00.000 UTC,152.056,152.08,152.055,152.075,83.5
02.01.2018 10:29:00.000 UTC,152.076,152.076,152.059,152.073,101.21
02.01.2018 10:30:00.000 UTC,152.078,152.092,152.034,152.038,196.17
02.01.2018 10:31:00.000 UTC,152.033,152.087,152.014,152.064,213.27
02.01.2018 10:32:00.000 UTC,152.062,152.078,152.005,152.008,172.76
02.01.2018 10:33:00.000 UTC,152.005,152.018,151.964,151.967,109.19
02.01.2018 10:34:00.000 UTC,151.968,151.982,151.942,151.946,143.26
02.01.2018 10:35:00.000 UTC,151.943,151.986,151.941,151.977,116.65
02.01.2018 10:36:00.000 UTC,151.977,151.984,151.965,151.974,106.67
02.01.2018 10:37:00.000 UTC,151.974,151.978,151.962,151.962,50.66
02.01.2018 10:38:00.000 UTC,151.964,151.966,151.919,151.946,109.43
02.01.2018 10:39:00.000 UTC,151.947,151.964,151.943,151.961,133.07
02.01.2018 10:40:00.000 UTC,151.96,152.001,151.959,151.984,145.54
02.01.2018 10:41:00.000 UTC,151.984,151.991,151.978,151.98,84.45
02.01.2018 10:42:00.000 UTC,151.98,151.98,151.948,151.974,131.56
02.01.2018 10:43:00.000 UTC,151.97,151.99,151.952,151.963,147.12
02.01.2018 10:44:00.000 UTC,151.967,151.973,151.951,151.954,161.13
02.01.2018 10:45:00.000 UTC,151.954,151.962,151.95,151.953,111.92
02.01.2018 10:46:00.000 UTC,151.953,151.966,151.943,151.946,93.61
02.01.2018 10:47:00.000 UTC,151.946,151.95,151.924,151.934,70.11
02.01.2018 10:48:00.000 UTC,151.934,151.935,151.892,151.892,75.91
02.01.2018 10:49:00.000 UTC,151.894,151.948,151.894,151.943,188.13
02.01.2018 10:50:00.000 UTC,151.943,151.98,151.943,151.978,181.96
02.01.2018 10:51:00.000 UTC,151.977,151.977,151.959,151.966,129.23
02.01.2018 10:52:00.000 UTC,151.969,151.998,151.969,151.996,131.2
02.01.2018 10:53:00.000 UTC,151.996,152.007,151.984,152.007,71.32
02.01.2018 10:54:00.000 UTC,152.011,152.016,151.987,152.016,99.35
02.01.2018 10:55:00.000 UTC,152.015,152.048,152.013,152.023,118.7
02.01.2018 10:56:00.000 UTC,152.024,152.045,152.023,152.041,104.68
02.01.2018 10:57:00.000 UTC,152.042,152.055,152.025,152.045,127.33
02.01.2018 10:58:00.000 UTC,152.045,152.047,152.008,152.022,128.76
02.01.2018 10:59:00.000 UTC,152.022,152.031,152.01,152.029,149.29
02.01.2018 11:00:00.000 UTC,152.03,152.066,152.02,152.061,108.59
02.01.2018 11:01:00.000 UTC,152.063,152.083,152.057,152.069,130.33
02.01.2018 11:02:00.000 UTC,152.068,152.073,152.055,152.056,68.92
02.01.2018 11:03:00.000 UTC,152.056,152.056,152.004,152.007,123.18
02.01.2018 11:04:00.000 UTC,152.008,152.03,152.008,152.023,47.14
02.01.2018 11:05:00.000 UTC,152.023,152.063,152.023,152.063,138.42
02.01.2018 11:06:00.000 UTC,152.063,152.068,152.053,152.064,94.09
02.01.2018 11:07:00.000 UTC,152.064,152.064,152.033,152.033,57.9
02.01.2018 11:08:00.000 UTC,152.033,152.036,152.026,152.029,38.18
02.01.2018 11:09:00.000 UTC,152.029,152.042,152.029,152.039,62.15
02.01.2018 11:10:00.000 UTC,152.039,152.071,152.039,152.066,58.26
02.01.2018 11:11:00.000 UTC,152.066,152.07,152.056,152.066,55.77
02.01.2018 11:12:00.000 UTC,152.066,152.069,152.061,152.065,89.59
02.01.2018 11:13:00.000 UTC,152.064,152.064,152.01,152.022,135.15
02.01.2018 11:14:00.000 UTC,152.022,152.022,151.999,151.999,51.73
02.01.2018 11:15:00.000 UTC,151.998,152.009,151.988,152,98.65
02.01.2018 11:16:00.000 UTC,151.999,152.003,151.983,151.991,130.32
02.01.2018 11:17:00.000 UTC,151.99,151.997,151.988,151.996,124.52
02.01.2018 11:18:00.000 UTC,151.997,152.019,151.993,152.016,101.07
02.01.2018 11:19:00.000 UTC,152.013,152.04,152.013,152.031,106.02
02.01.2018 11:20:00.000 UTC,152.031,152.036,152.025,152.033,84.74
02.01.2018 11:21:00.000 UTC,152.033,152.038,152.031,152.036,45.48
02.01.2018 11:22:00.000 UTC,152.036,152.052,152.035,152.047,134
02.01.2018 11:23:00.000 UTC,152.047,152.047,152.028,152.028,108.26
02.01.2018 11:24:00.000 UTC,152.028,152.03,151.997,152.002,72.76
02.01.2018 11:25:00.000 UTC,152.002,152.019,151.998,152.019,86.03
02.01.2018 11:26:00.000 UTC,152.019,152.019,152.001,152.008,43
02.01.2018 11:27:00.000 UTC,152.008,152.008,151.977,151.978,117.86
02.01.2018 11:28:00.000 UTC,151.978,151.981,151.943,151.946,117.34
02.01.2018 11:29:00.000 UTC,151.946,151.948,151.909,151.927,141.8
02.01.2018 11:30:00.000 UTC,151.935,151.958,151.928,151.951,132.69
02.01.2018 11:31:00.000 UTC,151.951,151.969,151.947,151.956,91.64
02.01.2018 11:32:00.000 UTC,151.958,151.975,151.949,151.954,66.31
02.01.2018 11:33:00.000 UTC,151.954,151.959,151.946,151.951,87.6
02.01.2018 11:34:00.000 UTC,151.95,151.953,151.915,151.921,113.73
02.01.2018 11:35:00.000 UTC,151.923,151.925,151.917,151.925,33.54
02.01.2018 11:36:00.000 UTC,151.925,151.939,151.914,151.939,77.52
02.01.2018 11:37:00.000 UTC,151.939,152.004,151.929,152.004,120.84
02.01.2018 11:38:00.000 UTC,152.004,152.03,152.003,152.009,91.57
02.01.2018 11:39:00.000 UTC,152.01,152.013,152.004,152.011,74.85
02.01.2018 11:40:00.000 UTC,152.011,152.011,151.968,151.968,46.62
02.01.2018 11:41:00.000 UTC,151.968,151.978,151.968,151.976,33.27
02.01.2018 11:42:00.000 UTC,151.977,152,151.977,151.999,74.8
02.01.2018 11:43:00.000 UTC,151.999,152.026,151.999,152.023,60.46
02.01.2018 11:44:00.000 UTC,152.023,152.03,152.02,152.02,36.5
02.01.2018 11:45:00.000 UTC,152.021,152.033,152.016,152.033,101.98
02.01.2018 11:46:00.000 UTC,152.032,152.093,152.018,152.092,99
02.01.2018 11:47:00.000 UTC,152.084,152.093,152.051,152.057,117.14
02.01.2018 11:48:00.000 UTC,152.057,152.057,152.031,152.047,113.64
02.01.2018 11:49:00.000 UTC,152.047,152.084,152.047,152.057,108.19
02.01.2018 11:50:00.000 UTC,152.057,152.086,152.057,152.081,80.73
02.01.2018 11:51:00.000 UTC,152.08,152.081,152.064,152.068,88.08
02.01.2018 11:52:00.000 UTC,152.067,152.071,152.052,152.053,104.51
02.01.2018 11:53:00.000 UTC,152.053,152.098,152.053,152.092,87.31
02.01.2018 11:54:00.000 UTC,152.09,152.09,152.061,152.079,58.4
02.01.2018 11:55:00.000 UTC,152.079,152.079,152.043,152.046,140.34
02.01.2018 11:56:00.000 UTC,152.046,152.073,152.037,152.063,85.75
02.01.2018 11:57:00.000 UTC,152.066,152.089,152.047,152.076,128.96
02.01.2018 11:58:00.000 UTC,152.076,152.089,152.052,152.064,100.35
02.01.2018 11:59:00.000 UTC,152.064,152.089,152.064,152.082,73.89
02.01.2018 12:00:00.000 UTC,152.082,152.115,152.071,152.091,163.27
02.01.2018 12:01:00.000 UTC,152.088,152.102,152.062,152.08,121.15
02.01.2018 12:02:00.000 UTC,152.08,152.089,152.072,152.083,93.02
02.01.2018 12:03:00.000 UTC,152.083,152.116,152.062,152.116,128.85
02.01.2018 12:04:00.000 UTC,152.113,152.134,152.085,152.134,143.84
02.01.2018 12:05:00.000 UTC,152.134,152.135,152.096,152.113,119.96
02.01.2018 12:06:00.000 UTC,152.115,152.116,152.077,152.091,112.37
02.01.2018 12:07:00.000 UTC,152.092,152.114,152.091,152.111,91.41
02.01.2018 12:08:00.000 UTC,152.108,152.126,152.108,152.113,91.73
02.01.2018 12:09:00.000 UTC,152.113,152.113,152.091,152.091,103.81
02.01.2018 12:10:00.000 UTC,152.088,152.104,152.072,152.095,162.62
02.01.2018 12:11:00.000 UTC,152.097,152.104,152.084,152.095,94.06
02.01.2018 12:12:00.000 UTC,152.095,152.095,152.068,152.068,69.12
02.01.2018 12:13:00.000 UTC,152.068,152.077,152.058,152.065,105.48
02.01.2018 12:14:00.000 UTC,152.067,152.074,152.057,152.065,96.13
02.01.2018 12:15:00.000 UTC,152.066,152.107,152.059,152.095,132.89
02.01.2018 12:16:00.000 UTC,152.099,152.106,152.082,152.094,127.2
02.01.2018 12:17:00.000 UTC,152.092,152.111,152.089,152.101,128.08
02.01.2018 12:18:00.000 UTC,152.107,152.109,152.09,152.1,143.1
02.01.2018 12:19:00.000 UTC,152.102,152.105,152.09,152.105,66.02
02.01.2018 12:20:00.000 UTC,152.106,152.118,152.1,152.109,75.38
02.01.2018 12:21:00.000 UTC,152.109,152.109,152.066,152.072,113.96
02.01.2018 12:22:00.000 UTC,152.068,152.093,152.067,152.093,132.82
02.01.2018 12:23:00.000 UTC,152.093,152.093,152.079,152.089,135.94
02.01.2018 12:24:00.000 UTC,152.09,152.097,152.084,152.091,70.09
02.01.2018 12:25:00.000 UTC,152.091,152.098,152.081,152.081,73
02.01.2018 12:26:00.000 UTC,152.083,152.09,152.057,152.058,87.87
02.01.2018 12:27:00.000 UTC,152.058,152.062,152.042,152.05,83.54
02.01.2018 12:28:00.000 UTC,152.051,152.06,152.036,152.059,123.46
02.01.2018 12:29:00.000 UTC,152.06,152.073,152.06,152.073,60.5
02.01.2018 12:30:00.000 UTC,152.074,152.083,152.068,152.081,111.92
02.01.2018 12:31:00.000 UTC,152.078,152.11,152.075,152.106,106.86
02.01.2018 12:32:00.000 UTC,152.105,152.114,152.104,152.11,40.19
02.01.2018 12:33:00.000 UTC,152.11,152.127,152.102,152.123,63.38
02.01.2018 12:34:00.000 UTC,152.123,152.138,152.117,152.129,82.2
02.01.2018 12:35:00.000 UTC,152.128,152.141,152.122,152.128,106.66
02.01.2018 12:36:00.000 UTC,152.128,152.133,152.119,152.133,75.41
02.01.2018 12:37:00.000 UTC,152.133,152.168,152.13,152.16,159.92
02.01.2018 12:38:00.000 UTC,152.16,152.163,152.153,152.153,66.35
02.01.2018 12:39:00.000 UTC,152.155,152.157,152.152,152.157,46.44
02.01.2018 12:40:00.000 UTC,152.157,152.158,152.15,152.152,73.05
02.01.2018 12:41:00.000 UTC,152.152,152.152,152.144,152.144,37.93
02.01.2018 12:42:00.000 UTC,152.144,152.153,152.133,152.145,107.68
02.01.2018 12:43:00.000 UTC,152.145,152.151,152.133,152.138,51.01
02.01.2018 12:44:00.000 UTC,152.14,152.14,152.11,152.116,109.08
02.01.2018 12:45:00.000 UTC,152.117,152.127,152.115,152.117,64.08
02.01.2018 12:46:00.000 UTC,152.117,152.12,152.108,152.111,109.99
02.01.2018 12:47:00.000 UTC,152.113,152.138,152.11,152.138,55.25
02.01.2018 12:48:00.000 UTC,152.138,152.14,152.119,152.135,60.5
02.01.2018 12:49:00.000 UTC,152.129,152.144,152.129,152.138,66.39
02.01.2018 12:50:00.000 UTC,152.139,152.146,152.132,152.144,81.13
02.01.2018 12:51:00.000 UTC,152.145,152.162,152.131,152.15,111.22
02.01.2018 12:52:00.000 UTC,152.149,152.17,152.149,152.169,113.94
02.01.2018 12:53:00.000 UTC,152.169,152.172,152.169,152.169,32.49
02.01.2018 12:54:00.000 UTC,152.169,152.174,152.169,152.173,47.32
02.01.2018 12:55:00.000 UTC,152.173,152.192,152.172,152.185,89.41
02.01.2018 12:56:00.000 UTC,152.184,152.186,152.167,152.17,117.63
02.01.2018 12:57:00.000 UTC,152.17,152.174,152.165,152.165,72.11
02.01.2018 12:58:00.000 UTC,152.165,152.168,152.157,152.157,43.34
02.01.2018 12:59:00.000 UTC,152.157,152.157,152.109,152.112,149.46
02.01.2018 13:00:00.000 UTC,152.112,152.121,152.094,152.097,136.86
02.01.2018 13:01:00.000 UTC,152.097,152.097,152.08,152.09,66.66
02.01.2018 13:02:00.000 UTC,152.089,152.116,152.076,152.1,195.48
02.01.2018 13:03:00.000 UTC,152.103,152.107,152.076,152.076,189.64
02.01.2018 13:04:00.000 UTC,152.073,152.085,152.072,152.076,79.93
02.01.2018 13:05:00.000 UTC,152.076,152.076,152.051,152.054,69.03
02.01.2018 13:06:00.000 UTC,152.052,152.065,152.047,152.047,123.49
02.01.2018 13:07:00.000 UTC,152.044,152.051,152.034,152.049,134.12
02.01.2018 13:08:00.000 UTC,152.049,152.08,152.044,152.08,89.09
02.01.2018 13:09:00.000 UTC,152.077,152.082,152.057,152.082,80.56
02.01.2018 13:10:00.000 UTC,152.093,152.107,152.081,152.103,73.31
02.01.2018 13:11:00.000 UTC,152.101,152.113,152.1,152.113,80.54
02.01.2018 13:12:00.000 UTC,152.113,152.165,152.113,152.165,95.16
02.01.2018 13:13:00.000 UTC,152.166,152.176,152.157,152.17,62.07
02.01.2018 13:14:00.000 UTC,152.17,152.175,152.143,152.143,60.07
02.01.2018 13:15:00.000 UTC,152.142,152.145,152.128,152.13,81.93
02.01.2018 13:16:00.000 UTC,152.129,152.144,152.121,152.121,90.1
02.01.2018 13:17:00.000 UTC,152.127,152.137,152.109,152.119,91.88
02.01.2018 13:18:00.000 UTC,152.119,152.12,152.088,152.1,91.67
02.01.2018 13:19:00.000 UTC,152.102,152.104,152.094,152.103,71.78
02.01.2018 13:20:00.000 UTC,152.112,152.112,152.075,152.09,130.97
02.01.2018 13:21:00.000 UTC,152.089,152.096,152.061,152.061,102.86
02.01.2018 13:22:00.000 UTC,152.061,152.064,152.037,152.046,150.43
02.01.2018 13:23:00.000 UTC,152.045,152.057,152.024,152.024,159.37
02.01.2018 13:24:00.000 UTC,152.024,152.038,152.022,152.029,140.23
02.01.2018 13:25:00.000 UTC,152.029,152.036,152.02,152.036,193.55
02.01.2018 13:26:00.000 UTC,152.034,152.037,151.997,151.997,183.36
02.01.2018 13:27:00.000 UTC,152,152.022,151.999,152.02,156.05
02.01.2018 13:28:00.000 UTC,152.023,152.036,152.011,152.028,108.78
02.01.2018 13:29:00.000 UTC,152.031,152.069,152.03,152.063,127.56
02.01.2018 13:30:00.000 UTC,152.063,152.065,152.053,152.061,83.82
02.01.2018 13:31:00.000 UTC,152.061,152.066,152.044,152.049,97.99
02.01.2018 13:32:00.000 UTC,152.05,152.057,152.036,152.049,116.72
02.01.2018 13:33:00.000 UTC,152.049,152.055,152.042,152.047,113.32
02.01.2018 13:34:00.000 UTC,152.047,152.056,152.042,152.047,121.34
02.01.2018 13:35:00.000 UTC,152.047,152.075,152.044,152.075,117.48
02.01.2018 13:36:00.000 UTC,152.076,152.076,152.038,152.042,109.01
02.01.2018 13:37:00.000 UTC,152.042,152.049,152.022,152.031,154.51
02.01.2018 13:38:00.000 UTC,152.03,152.036,152.025,152.027,67.72
02.01.2018 13:39:00.000 UTC,152.028,152.037,152.009,152.017,97.64
02.01.2018 13:40:00.000 UTC,152.016,152.062,152.015,152.038,126.16
02.01.2018 13:41:00.000 UTC,152.035,152.075,152.033,152.071,133.03
02.01.2018 13:42:00.000 UTC,152.071,152.071,152.032,152.033,78.15
02.01.2018 13:43:00.000 UTC,152.036,152.04,152.02,152.022,93.56
02.01.2018 13:44:00.000 UTC,152.02,152.025,152.01,152.017,83.22
02.01.2018 13:45:00.000 UTC,152.016,152.018,151.998,152.01,107.9
02.01.2018 13:46:00.000 UTC,152.013,152.035,152.009,152.031,122.9
02.01.2018 13:47:00.000 UTC,152.035,152.08,152.032,152.073,162.76
02.01.2018 13:48:00.000 UTC,152.074,152.092,152.065,152.08,137.68
02.01.2018 13:49:00.000 UTC,152.079,152.111,152.069,152.093,126.6
02.01.2018 13:50:00.000 UTC,152.095,152.116,152.094,152.106,103.7
02.01.2018 13:51:00.000 UTC,152.106,152.107,152.092,152.096,75.7
02.01.2018 13:52:00.000 UTC,152.096,152.101,152.093,152.097,45.51
02.01.2018 13:53:00.000 UTC,152.097,152.107,152.096,152.102,70.31
02.01.2018 13:54:00.000 UTC,152.102,152.102,152.051,152.051,89.73
02.01.2018 13:55:00.000 UTC,152.051,152.056,152.025,152.025,74.37
02.01.2018 13:56:00.000 UTC,152.025,152.037,151.999,152.001,100.29
02.01.2018 13:57:00.000 UTC,152.002,152.02,151.999,152.011,71.35
02.01.2018 13:58:00.000 UTC,152.011,152.011,151.996,152.009,93.75
02.01.2018 13:59:00.000 UTC,152.009,152.024,152.005,152.012,148.06
02.01.2018 14:00:00.000 UTC,152.013,152.028,152.008,152.022,106.46
02.01.2018 14:01:00.000 UTC,152.022,152.022,152.007,152.022,122.58
02.01.2018 14:02:00.000 UTC,152.022,152.024,151.992,151.992,80.23
02.01.2018 14:03:00.000 UTC,151.993,152.018,151.993,152.014,57.64
02.01.2018 14:04:00.000 UTC,152.014,152.052,152.014,152.039,161.09
02.01.2018 14:05:00.000 UTC,152.039,152.039,152.009,152.012,115.78
02.01.2018 14:06:00.000 UTC,152.012,152.012,152,152.005,94.95
02.01.2018 14:07:00.000 UTC,152.005,152.014,151.99,151.99,90.5
02.01.2018 14:08:00.000 UTC,151.99,152.005,151.986,151.996,81.73
02.01.2018 14:09:00.000 UTC,151.995,152.002,151.989,151.994,67.21
02.01.2018 14:10:00.000 UTC,151.995,152.001,151.985,151.993,109.24
02.01.2018 14:11:00.000 UTC,151.991,151.997,151.989,151.997,62.39
02.01.2018 14:12:00.000 UTC,152,152.008,151.964,151.964,109.53
02.01.2018 14:13:00.000 UTC,151.957,151.971,151.916,151.924,233.07
02.01.2018 14:14:00.000 UTC,151.923,151.926,151.898,151.905,166.4
02.01.2018 14:15:00.000 UTC,151.905,151.915,151.899,151.908,122.06
02.01.2018 14:16:00.000 UTC,151.908,151.913,151.862,151.891,135.12
02.01.2018 14:17:00.000 UTC,151.892,151.926,151.892,151.925,138.88
02.01.2018 14:18:00.000 UTC,151.923,151.935,151.895,151.902,130.07
02.01.2018 14:19:00.000 UTC,151.901,151.923,151.901,151.913,134.99
02.01.2018 14:20:00.000 UTC,151.913,151.916,151.895,151.912,152.48
02.01.2018 14:21:00.000 UTC,151.912,151.928,151.908,151.91,169.12
02.01.2018 14:22:00.000 UTC,151.91,151.944,151.906,151.941,122.26
02.01.2018 14:23:00.000 UTC,151.942,151.943,151.931,151.938,69.47
02.01.2018 14:24:00.000 UTC,151.938,151.943,151.933,151.942,91.24
02.01.2018 14:25:00.000 UTC,151.943,151.958,151.935,151.951,80.24
02.01.2018 14:26:00.000 UTC,151.953,151.998,151.953,151.985,135.96
02.01.2018 14:27:00.000 UTC,151.985,151.997,151.982,151.997,70.41
02.01.2018 14:28:00.000 UTC,151.998,152.002,151.983,152,85.1
02.01.2018 14:29:00.000 UTC,152,152,151.973,151.973,122.38
02.01.2018 14:30:00.000 UTC,151.973,151.983,151.939,151.956,169.2
02.01.2018 14:31:00.000 UTC,151.958,151.973,151.958,151.963,158.24
02.01.2018 14:32:00.000 UTC,151.964,151.989,151.964,151.983,176.94
02.01.2018 14:33:00.000 UTC,151.984,151.992,151.968,151.969,132.61
02.01.2018 14:34:00.000 UTC,151.968,151.973,151.952,151.952,151.98
02.01.2018 14:35:00.000 UTC,151.954,151.966,151.944,151.959,127.94
02.01.2018 14:36:00.000 UTC,151.958,151.958,151.925,151.956,119.18
02.01.2018 14:37:00.000 UTC,151.952,151.992,151.952,151.987,114.07
02.01.2018 14:38:00.000 UTC,151.987,151.994,151.981,151.986,107.13
02.01.2018 14:39:00.000 UTC,151.986,152.01,151.986,152.004,156.67
02.01.2018 14:40:00.000 UTC,152.005,152.024,152.005,152.018,135.66
02.01.2018 14:41:00.000 UTC,152.019,152.039,152.017,152.036,181.25
02.01.2018 14:42:00.000 UTC,152.035,152.038,152.019,152.019,186.06
02.01.2018 14:43:00.000 UTC,152.02,152.023,152.004,152.011,139.06
02.01.2018 14:44:00.000 UTC,152.013,152.017,152.001,152.008,116.36
02.01.2018 14:45:00.000 UTC,152.008,152.014,151.994,152,157.71
02.01.2018 14:46:00.000 UTC,152,152.009,151.994,152.001,123.65
02.01.2018 14:47:00.000 UTC,152.002,152.028,152.002,152.019,83.69
02.01.2018 14:48:00.000 UTC,152.019,152.052,152.01,152.039,126.96
02.01.2018 14:49:00.000 UTC,152.038,152.045,152.003,152.017,128.74
02.01.2018 14:50:00.000 UTC,152.016,152.022,151.982,151.99,214.37
02.01.2018 14:51:00.000 UTC,151.99,152.025,151.979,152.023,149.8
02.01.2018 14:52:00.000 UTC,152.027,152.06,152.027,152.059,126.56
02.01.2018 14:53:00.000 UTC,152.056,152.056,152.035,152.042,122.4
02.01.2018 14:54:00.000 UTC,152.042,152.078,152.042,152.067,228.83
02.01.2018 14:55:00.000 UTC,152.064,152.097,152.048,152.048,238.5
02.01.2018 14:56:00.000 UTC,152.049,152.049,151.999,152.027,215.41
02.01.2018 14:57:00.000 UTC,152.026,152.048,152.026,152.035,131.17
02.01.2018 14:58:00.000 UTC,152.035,152.04,152.005,152.006,155.28
02.01.2018 14:59:00.000 UTC,152.006,152.069,152.006,152.048,228.01
02.01.2018 15:00:00.000 UTC,152.048,152.078,152.015,152.077,256.27
02.01.2018 15:01:00.000 UTC,152.075,152.109,152.072,152.109,240.83
02.01.2018 15:02:00.000 UTC,152.108,152.113,152.079,152.081,160.68
02.01.2018 15:03:00.000 UTC,152.085,152.098,152.065,152.095,205.67
02.01.2018 15:04:00.000 UTC,152.095,152.104,152.076,152.076,144.06
02.01.2018 15:05:00.000 UTC,152.076,152.077,152.029,152.029,200.65
02.01.2018 15:06:00.000 UTC,152.028,152.047,152.016,152.041,144.51
02.01.2018 15:07:00.000 UTC,152.041,152.057,152.021,152.033,203.79
02.01.2018 15:08:00.000 UTC,152.034,152.035,151.993,152.005,203.19
02.01.2018 15:09:00.000 UTC,152.004,152.006,151.986,151.99,127.2
02.01.2018 15:10:00.000 UTC,151.989,152.016,151.98,151.985,159.58
02.01.2018 15:11:00.000 UTC,151.985,152.006,151.973,152.005,122.49
02.01.2018 15:12:00.000 UTC,152.008,152.022,152.003,152.02,103.17
02.01.2018 15:13:00.000 UTC,152.019,152.051,152.015,152.045,167.4
02.01.2018 15:14:00.000 UTC,152.046,152.054,152.021,152.021,168.98
02.01.2018 15:15:00.000 UTC,152.021,152.039,152.02,152.036,138.82
02.01.2018 15:16:00.000 UTC,152.037,152.037,152.021,152.03,162.59
02.01.2018 15:17:00.000 UTC,152.028,152.051,152.028,152.051,153.42
02.01.2018 15:18:00.000 UTC,152.052,152.065,152.038,152.057,137.22
02.01.2018 15:19:00.000 UTC,152.061,152.106,152.052,152.103,213.58
02.01.2018 15:20:00.000 UTC,152.102,152.104,152.073,152.077,217.99
02.01.2018 15:21:00.000 UTC,152.077,152.099,152.075,152.08,192.51
02.01.2018 15:22:00.000 UTC,152.079,152.13,152.079,152.113,184.05
02.01.2018 15:23:00.000 UTC,152.114,152.127,152.102,152.114,190.36
02.01.2018 15:24:00.000 UTC,152.113,152.113,152.06,152.071,194.04
02.01.2018 15:25:00.000 UTC,152.068,152.068,152.053,152.055,130.63
02.01.2018 15:26:00.000 UTC,152.056,152.057,152.033,152.035,145.48
02.01.2018 15:27:00.000 UTC,152.036,152.041,152.02,152.031,111.23
02.01.2018 15:28:00.000 UTC,152.031,152.056,152.002,152.042,249.45
02.01.2018 15:29:00.000 UTC,152.047,152.055,152.023,152.05,142.11
02.01.2018 15:30:00.000 UTC,152.052,152.079,152.032,152.035,240.55
02.01.2018 15:31:00.000 UTC,152.033,152.036,152.012,152.012,213.65
02.01.2018 15:32:00.000 UTC,152.011,152.024,152.008,152.008,149.65
02.01.2018 15:33:00.000 UTC,152.008,152.018,151.998,152.003,174.85
02.01.2018 15:34:00.000 UTC,152.003,152.026,152.001,152.024,94.35
02.01.2018 15:35:00.000 UTC,152.026,152.079,152.024,152.072,124.25
02.01.2018 15:36:00.000 UTC,152.07,152.081,152.06,152.071,119.94
02.01.2018 15:37:00.000 UTC,152.07,152.083,152.047,152.053,162.43
02.01.2018 15:38:00.000 UTC,152.053,152.059,152.012,152.039,165.02
02.01.2018 15:39:00.000 UTC,152.039,152.079,152.034,152.077,248.92
02.01.2018 15:40:00.000 UTC,152.077,152.127,152.069,152.118,207.75
02.01.2018 15:41:00.000 UTC,152.117,152.134,152.112,152.121,190.7
02.01.2018 15:42:00.000 UTC,152.121,152.128,152.064,152.082,176.77
02.01.2018 15:43:00.000 UTC,152.081,152.103,152.08,152.081,143.85
02.01.2018 15:44:00.000 UTC,152.082,152.092,152.057,152.065,185.7
02.01.2018 15:45:00.000 UTC,152.065,152.12,152.059,152.119,145.1
02.01.2018 15:46:00.000 UTC,152.12,152.136,152.092,152.128,150.78
02.01.2018 15:47:00.000 UTC,152.13,152.13,152.105,152.117,141.83
02.01.2018 15:48:00.000 UTC,152.114,152.117,152.1,152.111,130.11
02.01.2018 15:49:00.000 UTC,152.111,152.111,152.082,152.09,155.55
02.01.2018 15:50:00.000 UTC,152.091,152.118,152.091,152.111,126.46
02.01.2018 15:51:00.000 UTC,152.111,152.162,152.102,152.142,151.71
02.01.2018 15:52:00.000 UTC,152.145,152.163,152.132,152.132,123.31
02.01.2018 15:53:00.000 UTC,152.131,152.139,152.121,152.129,144.98
02.01.2018 15:54:00.000 UTC,152.13,152.2,152.127,152.186,133.45
02.01.2018 15:55:00.000 UTC,152.183,152.235,152.183,152.199,195.3
02.01.2018 15:56:00.000 UTC,152.199,152.238,152.199,152.23,134.69
02.01.2018 15:57:00.000 UTC,152.23,152.297,152.224,152.267,240.44
02.01.2018 15:58:00.000 UTC,152.263,152.339,152.263,152.287,279.74
02.01.2018 15:59:00.000 UTC,152.29,152.312,152.278,152.28,309.26
02.01.2018 16:00:00.000 UTC,152.285,152.287,152.236,152.26,260.17
02.01.2018 16:01:00.000 UTC,152.261,152.294,152.259,152.263,209.19
02.01.2018 16:02:00.000 UTC,152.263,152.276,152.187,152.198,325.62
02.01.2018 16:03:00.000 UTC,152.2,152.201,152.183,152.188,107.66
02.01.2018 16:04:00.000 UTC,152.191,152.214,152.185,152.212,149.73
02.01.2018 16:05:00.000 UTC,152.214,152.275,152.214,152.266,168.21
02.01.2018 16:06:00.000 UTC,152.265,152.269,152.247,152.248,133.08
02.01.2018 16:07:00.000 UTC,152.248,152.282,152.248,152.275,140.25
02.01.2018 16:08:00.000 UTC,152.274,152.295,152.274,152.292,159.8
02.01.2018 16:09:00.000 UTC,152.293,152.311,152.275,152.276,120.04
02.01.2018 16:10:00.000 UTC,152.279,152.289,152.264,152.281,88.34
02.01.2018 16:11:00.000 UTC,152.281,152.324,152.281,152.312,135.87
02.01.2018 16:12:00.000 UTC,152.315,152.343,152.305,152.312,171.79
02.01.2018 16:13:00.000 UTC,152.316,152.329,152.311,152.318,106.87
02.01.2018 16:14:00.000 UTC,152.318,152.331,152.298,152.314,155.45
02.01.2018 16:15:00.000 UTC,152.314,152.352,152.314,152.351,104.54
02.01.2018 16:16:00.000 UTC,152.353,152.381,152.352,152.374,131.38
02.01.2018 16:17:00.000 UTC,152.376,152.39,152.362,152.362,88.43
02.01.2018 16:18:00.000 UTC,152.363,152.383,152.361,152.381,66.65
02.01.2018 16:19:00.000 UTC,152.38,152.406,152.38,152.391,137.9
02.01.2018 16:20:00.000 UTC,152.391,152.391,152.348,152.35,161.38
02.01.2018 16:21:00.000 UTC,152.35,152.426,152.345,152.426,147.93
02.01.2018 16:22:00.000 UTC,152.426,152.426,152.37,152.383,209.39
02.01.2018 16:23:00.000 UTC,152.383,152.408,152.383,152.407,134.65
02.01.2018 16:24:00.000 UTC,152.406,152.428,152.394,152.426,171.98
02.01.2018 16:25:00.000 UTC,152.428,152.428,152.406,152.421,150.35
02.01.2018 16:26:00.000 UTC,152.42,152.44,152.418,152.44,130.55
02.01.2018 16:27:00.000 UTC,152.438,152.439,152.413,152.415,111.24
02.01.2018 16:28:00.000 UTC,152.415,152.42,152.378,152.38,154.13
02.01.2018 16:29:00.000 UTC,152.378,152.394,152.373,152.378,166.34
02.01.2018 16:30:00.000 UTC,152.379,152.405,152.377,152.397,193.9
02.01.2018 16:31:00.000 UTC,152.397,152.423,152.385,152.415,144.03
02.01.2018 16:32:00.000 UTC,152.415,152.449,152.405,152.444,151.34
02.01.2018 16:33:00.000 UTC,152.443,152.444,152.424,152.429,158.61
02.01.2018 16:34:00.000 UTC,152.428,152.461,152.422,152.455,165.61
02.01.2018 16:35:00.000 UTC,152.453,152.453,152.433,152.448,126.28
02.01.2018 16:36:00.000 UTC,152.448,152.451,152.435,152.444,149.77
02.01.2018 16:37:00.000 UTC,152.441,152.442,152.415,152.415,161.11
02.01.2018 16:38:00.000 UTC,152.415,152.416,152.39,152.393,193.98
02.01.2018 16:39:00.000 UTC,152.395,152.408,152.379,152.382,140.01
02.01.2018 16:40:00.000 UTC,152.387,152.403,152.385,152.399,104.37
02.01.2018 16:41:00.000 UTC,152.399,152.41,152.398,152.41,75.61
02.01.2018 16:42:00.000 UTC,152.409,152.431,152.395,152.415,156.18
02.01.2018 16:43:00.000 UTC,152.416,152.448,152.411,152.441,130.1
02.01.2018 16:44:00.000 UTC,152.445,152.453,152.431,152.438,144.89
02.01.2018 16:45:00.000 UTC,152.438,152.473,152.437,152.449,152.43
02.01.2018 16:46:00.000 UTC,152.449,152.459,152.43,152.433,141.32
02.01.2018 16:47:00.000 UTC,152.433,152.444,152.43,152.437,197.93
02.01.2018 16:48:00.000 UTC,152.438,152.483,152.438,152.483,164.75
02.01.2018 16:49:00.000 UTC,152.484,152.495,152.467,152.472,133.23
02.01.2018 16:50:00.000 UTC,152.472,152.509,152.469,152.495,133.02
02.01.2018 16:51:00.000 UTC,152.495,152.501,152.463,152.471,166.48
02.01.2018 16:52:00.000 UTC,152.471,152.481,152.408,152.42,163.16
02.01.2018 16:53:00.000 UTC,152.421,152.478,152.421,152.459,112.52
02.01.2018 16:54:00.000 UTC,152.461,152.468,152.44,152.463,144.32
02.01.2018 16:55:00.000 UTC,152.465,152.466,152.433,152.443,183.61
02.01.2018 16:56:00.000 UTC,152.443,152.457,152.441,152.449,142.9
02.01.2018 16:57:00.000 UTC,152.453,152.5,152.453,152.475,227.89
02.01.2018 16:58:00.000 UTC,152.476,152.498,152.476,152.494,151.44
02.01.2018 16:59:00.000 UTC,152.494,152.524,152.474,152.494,192.18
02.01.2018 17:00:00.000 UTC,152.494,152.502,152.487,152.489,144.67
02.01.2018 17:01:00.000 UTC,152.49,152.516,152.489,152.502,117.24
02.01.2018 17:02:00.000 UTC,152.503,152.521,152.488,152.503,128.21
02.01.2018 17:03:00.000 UTC,152.502,152.571,152.502,152.568,193.66
02.01.2018 17:04:00.000 UTC,152.566,152.566,152.524,152.529,126.92
02.01.2018 17:05:00.000 UTC,152.531,152.557,152.527,152.537,143.05
02.01.2018 17:06:00.000 UTC,152.536,152.563,152.533,152.549,71.69
02.01.2018 17:07:00.000 UTC,152.548,152.56,152.541,152.552,103.02
02.01.2018 17:08:00.000 UTC,152.552,152.565,152.547,152.549,99.87
02.01.2018 17:09:00.000 UTC,152.548,152.56,152.54,152.544,129.67
02.01.2018 17:10:00.000 UTC,152.544,152.544,152.535,152.535,83.02
02.01.2018 17:11:00.000 UTC,152.535,152.557,152.527,152.55,140.62
02.01.2018 17:12:00.000 UTC,152.551,152.586,152.545,152.581,122.42
02.01.2018 17:13:00.000 UTC,152.581,152.585,152.549,152.556,95.87
02.01.2018 17:14:00.000 UTC,152.556,152.572,152.552,152.572,78.96
02.01.2018 17:15:00.000 UTC,152.572,152.591,152.563,152.591,91.47
02.01.2018 17:16:00.000 UTC,152.591,152.598,152.559,152.561,129.82
02.01.2018 17:17:00.000 UTC,152.559,152.578,152.559,152.576,54.02
02.01.2018 17:18:00.000 UTC,152.576,152.579,152.563,152.571,132.56
02.01.2018 17:19:00.000 UTC,152.572,152.577,152.566,152.57,101.11
02.01.2018 17:20:00.000 UTC,152.57,152.578,152.568,152.571,112.63
02.01.2018 17:21:00.000 UTC,152.569,152.575,152.567,152.571,70.28
02.01.2018 17:22:00.000 UTC,152.569,152.583,152.569,152.581,145.02
02.01.2018 17:23:00.000 UTC,152.58,152.62,152.579,152.617,117.39
02.01.2018 17:24:00.000 UTC,152.617,152.625,152.606,152.606,70.76
02.01.2018 17:25:00.000 UTC,152.604,152.604,152.58,152.582,70.17
02.01.2018 17:26:00.000 UTC,152.582,152.587,152.577,152.584,67.99
02.01.2018 17:27:00.000 UTC,152.582,152.597,152.575,152.589,128.19
02.01.2018 17:28:00.000 UTC,152.592,152.604,152.578,152.587,202.21
02.01.2018 17:29:00.000 UTC,152.587,152.595,152.581,152.589,89.74
02.01.2018 17:30:00.000 UTC,152.589,152.589,152.57,152.582,110.57
02.01.2018 17:31:00.000 UTC,152.582,152.615,152.582,152.615,66.96
02.01.2018 17:32:00.000 UTC,152.626,152.629,152.614,152.614,61.41
02.01.2018 17:33:00.000 UTC,152.614,152.631,152.614,152.619,128.85
02.01.2018 17:34:00.000 UTC,152.618,152.621,152.614,152.621,82.43
02.01.2018 17:35:00.000 UTC,152.621,152.621,152.586,152.588,161.48
02.01.2018 17:36:00.000 UTC,152.588,152.612,152.588,152.6,132.57
02.01.2018 17:37:00.000 UTC,152.601,152.61,152.598,152.601,135.97
02.01.2018 17:38:00.000 UTC,152.601,152.625,152.589,152.594,78.31
02.01.2018 17:39:00.000 UTC,152.593,152.602,152.582,152.583,94.45
02.01.2018 17:40:00.000 UTC,152.584,152.584,152.57,152.581,106.69
02.01.2018 17:41:00.000 UTC,152.581,152.592,152.578,152.59,109.6
02.01.2018 17:42:00.000 UTC,152.589,152.59,152.569,152.569,127.04
02.01.2018 17:43:00.000 UTC,152.568,152.573,152.566,152.57,68.56
02.01.2018 17:44:00.000 UTC,152.569,152.598,152.566,152.586,123.96
02.01.2018 17:45:00.000 UTC,152.586,152.586,152.572,152.575,86.46
02.01.2018 17:46:00.000 UTC,152.575,152.575,152.562,152.568,97.51
02.01.2018 17:47:00.000 UTC,152.568,152.569,152.537,152.537,115.63
02.01.2018 17:48:00.000 UTC,152.536,152.545,152.525,152.527,91.19
02.01.2018 17:49:00.000 UTC,152.528,152.538,152.519,152.519,88.98
02.01.2018 17:50:00.000 UTC,152.522,152.531,152.521,152.531,112.14
02.01.2018 17:51:00.000 UTC,152.53,152.548,152.525,152.542,86.22
02.01.2018 17:52:00.000 UTC,152.542,152.554,152.538,152.541,86.46
02.01.2018 17:53:00.000 UTC,152.541,152.578,152.541,152.572,106.4
02.01.2018 17:54:00.000 UTC,152.573,152.581,152.541,152.56,139.43
02.01.2018 17:55:00.000 UTC,152.559,152.571,152.534,152.552,186.08
02.01.2018 17:56:00.000 UTC,152.552,152.577,152.552,152.559,124.66
02.01.2018 17:57:00.000 UTC,152.558,152.56,152.523,152.528,144.27
02.01.2018 17:58:00.000 UTC,152.529,152.533,152.506,152.509,148.17
02.01.2018 17:59:00.000 UTC,152.51,152.534,152.499,152.531,161.91
02.01.2018 18:00:00.000 UTC,152.531,152.538,152.521,152.534,85.38
02.01.2018 18:01:00.000 UTC,152.534,152.534,152.501,152.513,84.12
02.01.2018 18:02:00.000 UTC,152.514,152.539,152.514,152.539,52.96
02.01.2018 18:03:00.000 UTC,152.539,152.549,152.534,152.534,52.01
02.01.2018 18:04:00.000 UTC,152.532,152.532,152.515,152.524,106.9
02.01.2018 18:05:00.000 UTC,152.524,152.54,152.524,152.539,53.6
02.01.2018 18:06:00.000 UTC,152.542,152.564,152.538,152.548,111.43
02.01.2018 18:07:00.000 UTC,152.547,152.557,152.527,152.528,128.78
02.01.2018 18:08:00.000 UTC,152.527,152.53,152.509,152.513,153.44
02.01.2018 18:09:00.000 UTC,152.511,152.519,152.501,152.518,100.82
02.01.2018 18:10:00.000 UTC,152.519,152.541,152.519,152.541,138.55
02.01.2018 18:11:00.000 UTC,152.539,152.539,152.515,152.515,140.51
02.01.2018 18:12:00.000 UTC,152.515,152.518,152.486,152.516,187.83
02.01.2018 18:13:00.000 UTC,152.517,152.534,152.511,152.524,111.66
02.01.2018 18:14:00.000 UTC,152.521,152.535,152.513,152.528,114.66
02.01.2018 18:15:00.000 UTC,152.531,152.544,152.53,152.54,86.88
02.01.2018 18:16:00.000 UTC,152.54,152.546,152.535,152.542,36.86
02.01.2018 18:17:00.000 UTC,152.542,152.546,152.542,152.543,75.8
02.01.2018 18:18:00.000 UTC,152.546,152.548,152.54,152.542,68.31
02.01.2018 18:19:00.000 UTC,152.542,152.544,152.535,152.536,73.18
02.01.2018 18:20:00.000 UTC,152.536,152.538,152.534,152.535,45.03
02.01.2018 18:21:00.000 UTC,152.534,152.543,152.532,152.537,116.02
02.01.2018 18:22:00.000 UTC,152.535,152.545,152.531,152.542,49.07
02.01.2018 18:23:00.000 UTC,152.546,152.565,152.546,152.564,37.52
02.01.2018 18:24:00.000 UTC,152.562,152.573,152.561,152.573,35.94
02.01.2018 18:25:00.000 UTC,152.573,152.575,152.568,152.572,3
02.01.2018 18:26:00.000 UTC,152.571,152.576,152.556,152.564,47.56
02.01.2018 18:27:00.000 UTC,152.562,152.567,152.556,152.563,46.74
02.01.2018 18:28:00.000 UTC,152.561,152.561,152.548,152.55,35
02.01.2018 18:29:00.000 UTC,152.547,152.561,152.542,152.56,63.1
02.01.2018 18:30:00.000 UTC,152.559,152.578,152.554,152.578,63
02.01.2018 18:31:00.000 UTC,152.581,152.582,152.569,152.571,26.88
02.01.2018 18:32:00.000 UTC,152.569,152.579,152.569,152.57,37.53
02.01.2018 18:33:00.000 UTC,152.57,152.574,152.569,152.573,92.48
02.01.2018 18:34:00.000 UTC,152.574,152.58,152.567,152.569,89.98
02.01.2018 18:35:00.000 UTC,152.568,152.594,152.566,152.594,55.81
02.01.2018 18:36:00.000 UTC,152.593,152.616,152.592,152.612,43.13
02.01.2018 18:37:00.000 UTC,152.612,152.616,152.604,152.607,38.75
02.01.2018 18:38:00.000 UTC,152.607,152.607,152.585,152.593,59.06
02.01.2018 18:39:00.000 UTC,152.593,152.598,152.59,152.595,69.61
02.01.2018 18:40:00.000 UTC,152.594,152.606,152.591,152.591,66.15
02.01.2018 18:41:00.000 UTC,152.591,152.596,152.584,152.584,44.68
02.01.2018 18:42:00.000 UTC,152.582,152.592,152.579,152.586,48.9
02.01.2018 18:43:00.000 UTC,152.586,152.603,152.586,152.599,41.12
02.01.2018 18:44:00.000 UTC,152.6,152.609,152.598,152.601,68.14
02.01.2018 18:45:00.000 UTC,152.6,152.606,152.599,152.601,33.5
02.01.2018 18:46:00.000 UTC,152.601,152.607,152.595,152.605,50.06
02.01.2018 18:47:00.000 UTC,152.606,152.607,152.598,152.601,54.2
02.01.2018 18:48:00.000 UTC,152.601,152.62,152.598,152.619,76.88
02.01.2018 18:49:00.000 UTC,152.62,152.625,152.617,152.621,41.68
02.01.2018 18:50:00.000 UTC,152.62,152.628,152.61,152.616,55.16
02.01.2018 18:51:00.000 UTC,152.615,152.628,152.608,152.62,96.86
02.01.2018 18:52:00.000 UTC,152.62,152.632,152.614,152.622,62.59
02.01.2018 18:53:00.000 UTC,152.621,152.64,152.613,152.63,65.79
02.01.2018 18:54:00.000 UTC,152.628,152.628,152.61,152.611,39.8
02.01.2018 18:55:00.000 UTC,152.611,152.617,152.594,152.601,80.96
02.01.2018 18:56:00.000 UTC,152.601,152.624,152.599,152.619,102.67
02.01.2018 18:57:00.000 UTC,152.619,152.645,152.613,152.638,134.36
02.01.2018 18:58:00.000 UTC,152.638,152.655,152.635,152.642,133.95
02.01.2018 18:59:00.000 UTC,152.642,152.665,152.642,152.662,81.26
02.01.2018 19:00:00.000 UTC,152.664,152.675,152.657,152.665,171.83
02.01.2018 19:01:00.000 UTC,152.665,152.687,152.637,152.681,152.77
02.01.2018 19:02:00.000 UTC,152.679,152.697,152.679,152.697,118.38
02.01.2018 19:03:00.000 UTC,152.696,152.705,152.693,152.705,69.21
02.01.2018 19:04:00.000 UTC,152.704,152.712,152.699,152.7,68.67
02.01.2018 19:05:00.000 UTC,152.698,152.705,152.692,152.699,39.23
02.01.2018 19:06:00.000 UTC,152.699,152.715,152.699,152.705,97.52
02.01.2018 19:07:00.000 UTC,152.705,152.707,152.697,152.704,74.62
02.01.2018 19:08:00.000 UTC,152.705,152.705,152.695,152.698,82.2
02.01.2018 19:09:00.000 UTC,152.697,152.705,152.692,152.697,136.6
02.01.2018 19:10:00.000 UTC,152.698,152.708,152.695,152.703,149.97
02.01.2018 19:11:00.000 UTC,152.701,152.708,152.697,152.699,80.93
02.01.2018 19:12:00.000 UTC,152.698,152.701,152.691,152.694,64.31
02.01.2018 19:13:00.000 UTC,152.695,152.696,152.693,152.693,57.02
02.01.2018 19:14:00.000 UTC,152.693,152.699,152.691,152.695,79.72
02.01.2018 19:15:00.000 UTC,152.695,152.713,152.694,152.711,64.73
02.01.2018 19:16:00.000 UTC,152.712,152.718,152.707,152.714,73.25
02.01.2018 19:17:00.000 UTC,152.712,152.713,152.71,152.711,18
02.01.2018 19:18:00.000 UTC,152.711,152.716,152.7,152.71,32.5
02.01.2018 19:19:00.000 UTC,152.711,152.717,152.709,152.716,28
02.01.2018 19:20:00.000 UTC,152.717,152.74,152.714,152.738,48.62
02.01.2018 19:21:00.000 UTC,152.738,152.738,152.723,152.728,19.37
02.01.2018 19:22:00.000 UTC,152.727,152.727,152.722,152.723,19.5
02.01.2018 19:23:00.000 UTC,152.722,152.725,152.71,152.71,35.85
02.01.2018 19:24:00.000 UTC,152.71,152.722,152.706,152.706,56.92
02.01.2018 19:25:00.000 UTC,152.706,152.709,152.698,152.702,60.35
02.01.2018 19:26:00.000 UTC,152.702,152.702,152.691,152.691,60.06
02.01.2018 19:27:00.000 UTC,152.689,152.69,152.661,152.664,103.1
02.01.2018 19:28:00.000 UTC,152.663,152.664,152.661,152.661,39.91
02.01.2018 19:29:00.000 UTC,152.662,152.667,152.661,152.665,42.87
02.01.2018 19:30:00.000 UTC,152.667,152.692,152.667,152.691,94.28
02.01.2018 19:31:00.000 UTC,152.691,152.693,152.685,152.691,44.23
02.01.2018 19:32:00.000 UTC,152.692,152.692,152.674,152.674,37.18
02.01.2018 19:33:00.000 UTC,152.676,152.683,152.676,152.683,43.46
02.01.2018 19:34:00.000 UTC,152.682,152.683,152.68,152.683,24.43
02.01.2018 19:35:00.000 UTC,152.683,152.694,152.681,152.693,22.63
02.01.2018 19:36:00.000 UTC,152.693,152.696,152.692,152.696,22.3
02.01.2018 19:37:00.000 UTC,152.694,152.695,152.693,152.693,19.13
02.01.2018 19:38:00.000 UTC,152.693,152.695,152.688,152.688,46.88
02.01.2018 19:39:00.000 UTC,152.691,152.697,152.691,152.695,31.97
02.01.2018 19:40:00.000 UTC,152.695,152.71,152.691,152.71,41.05
02.01.2018 19:41:00.000 UTC,152.708,152.715,152.703,152.712,109.41
02.01.2018 19:42:00.000 UTC,152.714,152.72,152.712,152.714,60.82
02.01.2018 19:43:00.000 UTC,152.714,152.715,152.683,152.689,102.85
02.01.2018 19:44:00.000 UTC,152.69,152.69,152.681,152.681,38.74
02.01.2018 19:45:00.000 UTC,152.68,152.68,152.671,152.673,55.58
02.01.2018 19:46:00.000 UTC,152.672,152.675,152.67,152.672,40.28
02.01.2018 19:47:00.000 UTC,152.677,152.677,152.668,152.672,38.03
02.01.2018 19:48:00.000 UTC,152.675,152.684,152.673,152.682,62.52
02.01.2018 19:49:00.000 UTC,152.682,152.693,152.682,152.684,49.31
02.01.2018 19:50:00.000 UTC,152.684,152.691,152.68,152.68,46.51
02.01.2018 19:51:00.000 UTC,152.68,152.68,152.667,152.667,41.81
02.01.2018 19:52:00.000 UTC,152.665,152.665,152.658,152.658,43.77
02.01.2018 19:53:00.000 UTC,152.66,152.665,152.66,152.661,69.52
02.01.2018 19:54:00.000 UTC,152.659,152.661,152.646,152.646,55.43
02.01.2018 19:55:00.000 UTC,152.646,152.646,152.63,152.634,58.58
02.01.2018 19:56:00.000 UTC,152.635,152.637,152.62,152.621,48.35
02.01.2018 19:57:00.000 UTC,152.619,152.62,152.604,152.604,49.21
02.01.2018 19:58:00.000 UTC,152.605,152.637,152.605,152.637,60.58
02.01.2018 19:59:00.000 UTC,152.639,152.641,152.619,152.627,121.04
02.01.2018 20:00:00.000 UTC,152.626,152.648,152.621,152.647,112.3
02.01.2018 20:01:00.000 UTC,152.647,152.651,152.642,152.643,31.62
02.01.2018 20:02:00.000 UTC,152.64,152.643,152.636,152.639,35.18
02.01.2018 20:03:00.000 UTC,152.639,152.639,152.616,152.619,76.13
02.01.2018 20:04:00.000 UTC,152.618,152.619,152.602,152.602,49.83
02.01.2018 20:05:00.000 UTC,152.602,152.62,152.602,152.62,61.91
02.01.2018 20:06:00.000 UTC,152.62,152.651,152.62,152.646,120.45
02.01.2018 20:07:00.000 UTC,152.644,152.648,152.634,152.642,87.65
02.01.2018 20:08:00.000 UTC,152.642,152.66,152.638,152.643,136.5
02.01.2018 20:09:00.000 UTC,152.644,152.645,152.638,152.643,44.06
02.01.2018 20:10:00.000 UTC,152.643,152.644,152.64,152.643,33.65
02.01.2018 20:11:00.000 UTC,152.643,152.643,152.64,152.643,37.85
02.01.2018 20:12:00.000 UTC,152.642,152.654,152.642,152.651,42.24
02.01.2018 20:13:00.000 UTC,152.651,152.664,152.649,152.664,60.97
02.01.2018 20:14:00.000 UTC,152.664,152.667,152.652,152.652,63.14
02.01.2018 20:15:00.000 UTC,152.652,152.654,152.643,152.649,57.33
02.01.2018 20:16:00.000 UTC,152.649,152.654,152.644,152.645,40.82
02.01.2018 20:17:00.000 UTC,152.647,152.656,152.643,152.653,91.83
02.01.2018 20:18:00.000 UTC,152.656,152.662,152.652,152.655,57.3
02.01.2018 20:19:00.000 UTC,152.655,152.657,152.654,152.656,17.61
02.01.2018 20:20:00.000 UTC,152.656,152.657,152.647,152.656,32.43
02.01.2018 20:21:00.000 UTC,152.656,152.662,152.652,152.661,32.12
02.01.2018 20:22:00.000 UTC,152.661,152.663,152.651,152.652,86.67
02.01.2018 20:23:00.000 UTC,152.653,152.669,152.651,152.659,73.86
02.01.2018 20:24:00.000 UTC,152.659,152.67,152.654,152.668,52.17
02.01.2018 20:25:00.000 UTC,152.667,152.667,152.651,152.651,63.19
02.01.2018 20:26:00.000 UTC,152.651,152.653,152.65,152.653,35.41
02.01.2018 20:27:00.000 UTC,152.655,152.658,152.651,152.653,51.2
02.01.2018 20:28:00.000 UTC,152.653,152.664,152.651,152.661,42.28
02.01.2018 20:29:00.000 UTC,152.661,152.669,152.661,152.668,89.37
02.01.2018 20:30:00.000 UTC,152.665,152.665,152.652,152.653,32.28
02.01.2018 20:31:00.000 UTC,152.654,152.673,152.654,152.672,51.6
02.01.2018 20:32:00.000 UTC,152.672,152.675,152.666,152.666,60.8
02.01.2018 20:33:00.000 UTC,152.666,152.677,152.662,152.664,96.86
02.01.2018 20:34:00.000 UTC,152.664,152.667,152.661,152.667,47.87
02.01.2018 20:35:00.000 UTC,152.667,152.668,152.651,152.654,60.55
02.01.2018 20:36:00.000 UTC,152.654,152.656,152.653,152.655,47.73
02.01.2018 20:37:00.000 UTC,152.654,152.679,152.654,152.677,88.13
02.01.2018 20:38:00.000 UTC,152.676,152.677,152.661,152.668,41.89
02.01.2018 20:39:00.000 UTC,152.668,152.673,152.662,152.669,59.6
02.01.2018 20:40:00.000 UTC,152.671,152.674,152.665,152.669,64.27
02.01.2018 20:41:00.000 UTC,152.669,152.674,152.666,152.666,79.07
02.01.2018 20:42:00.000 UTC,152.666,152.699,152.665,152.688,98.37
02.01.2018 20:43:00.000 UTC,152.688,152.692,152.668,152.678,49.76
02.01.2018 20:44:00.000 UTC,152.675,152.682,152.675,152.681,40.63
02.01.2018 20:45:00.000 UTC,152.677,152.681,152.665,152.666,76.98
02.01.2018 20:46:00.000 UTC,152.665,152.669,152.657,152.657,32.5
02.01.2018 20:47:00.000 UTC,152.657,152.659,152.645,152.645,61.45
02.01.2018 20:48:00.000 UTC,152.645,152.658,152.642,152.658,43.37
02.01.2018 20:49:00.000 UTC,152.658,152.661,152.655,152.656,43.32
02.01.2018 20:50:00.000 UTC,152.658,152.663,152.653,152.657,47.94
02.01.2018 20:51:00.000 UTC,152.66,152.669,152.657,152.665,55.68
02.01.2018 20:52:00.000 UTC,152.665,152.665,152.649,152.649,39.05
02.01.2018 20:53:00.000 UTC,152.649,152.658,152.649,152.656,65.74
02.01.2018 20:54:00.000 UTC,152.656,152.663,152.647,152.663,97.53
02.01.2018 20:55:00.000 UTC,152.663,152.667,152.649,152.665,83.59
02.01.2018 20:56:00.000 UTC,152.665,152.67,152.665,152.669,68.52
02.01.2018 20:57:00.000 UTC,152.666,152.666,152.648,152.651,165.31
02.01.2018 20:58:00.000 UTC,152.651,152.653,152.637,152.649,125.31
02.01.2018 20:59:00.000 UTC,152.648,152.665,152.642,152.653,81.45
02.01.2018 21:00:00.000 UTC,152.653,152.657,152.615,152.627,55.18
02.01.2018 21:01:00.000 UTC,152.627,152.64,152.62,152.628,37.4
02.01.2018 21:02:00.000 UTC,152.628,152.628,152.613,152.619,39.24
02.01.2018 21:03:00.000 UTC,152.619,152.634,152.619,152.633,54.92
02.01.2018 21:04:00.000 UTC,152.633,152.634,152.632,152.634,12.62
02.01.2018 21:05:00.000 UTC,152.634,152.676,152.634,152.661,85.92
02.01.2018 21:06:00.000 UTC,152.661,152.661,152.649,152.656,42.8
02.01.2018 21:07:00.000 UTC,152.654,152.654,152.636,152.638,57.24
02.01.2018 21:08:00.000 UTC,152.638,152.638,152.634,152.634,49.5
02.01.2018 21:09:00.000 UTC,152.634,152.637,152.63,152.634,28.01
02.01.2018 21:10:00.000 UTC,152.635,152.636,152.633,152.634,14.64
02.01.2018 21:11:00.000 UTC,152.634,152.636,152.63,152.633,41.68
02.01.2018 21:12:00.000 UTC,152.643,152.645,152.636,152.643,60.42
02.01.2018 21:13:00.000 UTC,152.641,152.642,152.633,152.635,61.3
02.01.2018 21:14:00.000 UTC,152.634,152.641,152.63,152.641,38.15
02.01.2018 21:15:00.000 UTC,152.642,152.654,152.639,152.653,55.4
02.01.2018 21:16:00.000 UTC,152.653,152.653,152.651,152.653,15.75
02.01.2018 21:17:00.000 UTC,152.653,152.655,152.645,152.645,25.27
02.01.2018 21:18:00.000 UTC,152.644,152.645,152.643,152.645,21.56
02.01.2018 21:19:00.000 UTC,152.644,152.654,152.644,152.652,13.8
02.01.2018 21:20:00.000 UTC,152.653,152.655,152.652,152.655,37.62
02.01.2018 21:21:00.000 UTC,152.655,152.657,152.655,152.657,5.87
02.01.2018 21:22:00.000 UTC,152.662,152.664,152.641,152.641,51.54
02.01.2018 21:23:00.000 UTC,152.641,152.645,152.641,152.645,19.42
02.01.2018 21:24:00.000 UTC,152.645,152.647,152.644,152.647,16.18
02.01.2018 21:25:00.000 UTC,152.646,152.65,152.642,152.65,36.73
02.01.2018 21:26:00.000 UTC,152.65,152.653,152.647,152.651,8.63
02.01.2018 21:27:00.000 UTC,152.649,152.649,152.641,152.641,29.69
02.01.2018 21:28:00.000 UTC,152.64,152.641,152.635,152.635,27.5
02.01.2018 21:29:00.000 UTC,152.638,152.645,152.632,152.64,75.28
02.01.2018 21:30:00.000 UTC,152.64,152.64,152.629,152.634,48.46
02.01.2018 21:31:00.000 UTC,152.634,152.634,152.631,152.631,7.19
02.01.2018 21:32:00.000 UTC,152.631,152.632,152.628,152.629,36.26
02.01.2018 21:33:00.000 UTC,152.629,152.63,152.621,152.624,33.19
02.01.2018 21:34:00.000 UTC,152.625,152.625,152.622,152.623,9.07
02.01.2018 21:35:00.000 UTC,152.621,152.625,152.62,152.62,26.47
02.01.2018 21:36:00.000 UTC,152.62,152.63,152.62,152.63,26.43
02.01.2018 21:37:00.000 UTC,152.63,152.63,152.623,152.623,31.24
02.01.2018 21:38:00.000 UTC,152.623,152.623,152.612,152.614,16.08
02.01.2018 21:39:00.000 UTC,152.614,152.628,152.614,152.618,46.76
02.01.2018 21:40:00.000 UTC,152.621,152.628,152.621,152.628,59.34
02.01.2018 21:41:00.000 UTC,152.63,152.635,152.622,152.624,39.06
02.01.2018 21:42:00.000 UTC,152.625,152.629,152.607,152.61,63.87
02.01.2018 21:43:00.000 UTC,152.61,152.61,152.607,152.607,24.47
02.01.2018 21:44:00.000 UTC,152.604,152.605,152.602,152.605,71.6
02.01.2018 21:45:00.000 UTC,152.609,152.609,152.602,152.608,29.11
02.01.2018 21:46:00.000 UTC,152.608,152.628,152.606,152.628,25.19
02.01.2018 21:47:00.000 UTC,152.63,152.663,152.63,152.663,46.26
02.01.2018 21:48:00.000 UTC,152.663,152.678,152.663,152.674,54.31
02.01.2018 21:49:00.000 UTC,152.674,152.687,152.674,152.687,40.63
02.01.2018 21:50:00.000 UTC,152.691,152.695,152.687,152.694,41.12
02.01.2018 21:51:00.000 UTC,152.694,152.695,152.685,152.695,17.31
02.01.2018 21:52:00.000 UTC,152.695,152.695,152.677,152.678,21.62
02.01.2018 21:53:00.000 UTC,152.676,152.676,152.658,152.668,28.01
02.01.2018 21:54:00.000 UTC,152.671,152.679,152.671,152.676,19.14
02.01.2018 21:55:00.000 UTC,152.676,152.676,152.664,152.669,19.25
02.01.2018 21:56:00.000 UTC,152.667,152.669,152.663,152.669,26.9
02.01.2018 21:57:00.000 UTC,152.67,152.67,152.65,152.651,23
02.01.2018 21:58:00.000 UTC,152.651,152.661,152.627,152.627,51.75
02.01.2018 21:59:00.000 UTC,152.627,152.627,152.545,152.553,91.83
02.01.2018 22:00:00.000 UTC,152.549,152.559,152.518,152.526,13.89
02.01.2018 22:01:00.000 UTC,152.526,152.531,152.513,152.531,7.03
02.01.2018 22:02:00.000 UTC,152.531,152.563,152.517,152.535,17.69
02.01.2018 22:03:00.000 UTC,152.552,152.649,152.547,152.636,39
02.01.2018 22:04:00.000 UTC,152.623,152.632,152.561,152.561,82.39
02.01.2018 22:05:00.000 UTC,152.591,152.646,152.591,152.625,186.56
02.01.2018 22:06:00.000 UTC,152.624,152.633,152.62,152.628,177.49
02.01.2018 22:07:00.000 UTC,152.631,152.635,152.624,152.633,326.63
02.01.2018 22:08:00.000 UTC,152.633,152.633,152.592,152.625,367.77
02.01.2018 22:09:00.000 UTC,152.627,152.633,152.625,152.633,380.67
02.01.2018 22:10:00.000 UTC,152.637,152.695,152.628,152.675,182.59
02.01.2018 22:11:00.000 UTC,152.686,152.701,152.636,152.641,322.62
02.01.2018 22:12:00.000 UTC,152.641,152.662,152.638,152.656,317.63
02.01.2018 22:13:00.000 UTC,152.657,152.657,152.632,152.632,187.79
02.01.2018 22:14:00.000 UTC,152.632,152.636,152.632,152.636,217.47
02.01.2018 22:15:00.000 UTC,152.636,152.652,152.62,152.651,151.6
02.01.2018 22:16:00.000 UTC,152.649,152.654,152.641,152.641,75.86
02.01.2018 22:17:00.000 UTC,152.641,152.646,152.641,152.642,63.23
02.01.2018 22:18:00.000 UTC,152.641,152.649,152.641,152.647,95.11
02.01.2018 22:19:00.000 UTC,152.645,152.648,152.637,152.639,137.26
02.01.2018 22:20:00.000 UTC,152.639,152.64,152.631,152.631,150.45
02.01.2018 22:21:00.000 UTC,152.633,152.64,152.628,152.632,283.77
02.01.2018 22:22:00.000 UTC,152.633,152.666,152.626,152.655,320.48
02.01.2018 22:23:00.000 UTC,152.657,152.657,152.632,152.637,131.2
02.01.2018 22:24:00.000 UTC,152.637,152.639,152.497,152.613,174.22
02.01.2018 22:25:00.000 UTC,152.613,152.613,152.534,152.579,110.99
02.01.2018 22:26:00.000 UTC,152.579,152.601,152.577,152.599,214.3
02.01.2018 22:27:00.000 UTC,152.599,152.6,152.573,152.573,120.41
02.01.2018 22:28:00.000 UTC,152.572,152.59,152.566,152.579,255.78
02.01.2018 22:29:00.000 UTC,152.578,152.581,152.574,152.577,174.37
02.01.2018 22:30:00.000 UTC,152.577,152.595,152.567,152.581,140.8
02.01.2018 22:31:00.000 UTC,152.58,152.592,152.572,152.573,51.67
02.01.2018 22:32:00.000 UTC,152.572,152.587,152.563,152.587,100.5
02.01.2018 22:33:00.000 UTC,152.587,152.621,152.561,152.615,210.25
02.01.2018 22:34:00.000 UTC,152.615,152.62,152.61,152.61,13.15
02.01.2018 22:35:00.000 UTC,152.607,152.641,152.582,152.634,122.2
02.01.2018 22:36:00.000 UTC,152.632,152.632,152.567,152.585,155.3
02.01.2018 22:37:00.000 UTC,152.582,152.597,152.567,152.581,156.42
02.01.2018 22:38:00.000 UTC,152.581,152.581,152.561,152.566,173.46
02.01.2018 22:39:00.000 UTC,152.567,152.579,152.564,152.574,62.61
02.01.2018 22:40:00.000 UTC,152.574,152.575,152.571,152.573,49.15
02.01.2018 22:41:00.000 UTC,152.572,152.575,152.572,152.575,36.94
02.01.2018 22:42:00.000 UTC,152.573,152.58,152.564,152.564,39.24
02.01.2018 22:43:00.000 UTC,152.565,152.583,152.559,152.58,81.61
02.01.2018 22:44:00.000 UTC,152.58,152.583,152.565,152.566,83.82
02.01.2018 22:45:00.000 UTC,152.566,152.569,152.556,152.569,108.48
02.01.2018 22:46:00.000 UTC,152.563,152.62,152.557,152.602,200.22
02.01.2018 22:47:00.000 UTC,152.604,152.604,152.506,152.592,177.74
02.01.2018 22:48:00.000 UTC,152.592,152.595,152.498,152.529,117.04
02.01.2018 22:49:00.000 UTC,152.53,152.57,152.519,152.539,88.62
02.01.2018 22:50:00.000 UTC,152.538,152.58,152.538,152.545,41.91
02.01.2018 22:51:00.000 UTC,152.546,152.557,152.507,152.534,118.57
02.01.2018 22:52:00.000 UTC,152.532,152.554,152.523,152.543,87.31
02.01.2018 22:53:00.000 UTC,152.542,152.55,152.524,152.547,52.71
02.01.2018 22:54:00.000 UTC,152.549,152.556,152.527,152.529,101.44
02.01.2018 22:55:00.000 UTC,152.525,152.58,152.504,152.517,202.43
02.01.2018 22:56:00.000 UTC,152.512,152.536,152.512,152.53,152.53
02.01.2018 22:57:00.000 UTC,152.53,152.532,152.485,152.514,200.8
02.01.2018 22:58:00.000 UTC,152.514,152.516,152.501,152.51,91.45
02.01.2018 22:59:00.000 UTC,152.51,152.513,152.507,152.507,95.79
02.01.2018 23:00:00.000 UTC,152.508,152.584,152.501,152.565,164.54
02.01.2018 23:01:00.000 UTC,152.565,152.584,152.542,152.556,100.88
02.01.2018 23:02:00.000 UTC,152.558,152.562,152.543,152.549,4
02.01.2018 23:03:00.000 UTC,152.552,152.556,152.541,152.556,31
02.01.2018 23:04:00.000 UTC,152.556,152.556,152.554,152.554,28
02.01.2018 23:05:00.000 UTC,152.556,152.576,152.553,152.553,43
02.01.2018 23:06:00.000 UTC,152.553,152.558,152.553,152.558,22
02.01.2018 23:07:00.000 UTC,152.558,152.562,152.538,152.546,64.38
02.01.2018 23:08:00.000 UTC,152.546,152.578,152.546,152.578,18
02.01.2018 23:09:00.000 UTC,152.576,152.576,152.558,152.566,31.25
02.01.2018 23:10:00.000 UTC,152.566,152.587,152.566,152.572,37.19
02.01.2018 23:11:00.000 UTC,152.572,152.574,152.572,152.574,32.32
02.01.2018 23:12:00.000 UTC,152.574,152.574,152.565,152.565,41.5
02.01.2018 23:13:00.000 UTC,152.565,152.57,152.557,152.57,15.69
02.01.2018 23:14:00.000 UTC,152.57,152.573,152.567,152.567,19
02.01.2018 23:15:00.000 UTC,152.567,152.575,152.562,152.562,33.25
02.01.2018 23:16:00.000 UTC,152.562,152.562,152.555,152.555,24.38
02.01.2018 23:17:00.000 UTC,152.555,152.566,152.555,152.566,18.46
02.01.2018 23:18:00.000 UTC,152.566,152.566,152.549,152.554,33.25
02.01.2018 23:19:00.000 UTC,152.556,152.56,152.551,152.556,46
02.01.2018 23:20:00.000 UTC,152.556,152.584,152.551,152.568,72.68
02.01.2018 23:21:00.000 UTC,152.568,152.568,152.541,152.556,42.07
02.01.2018 23:22:00.000 UTC,152.558,152.561,152.551,152.561,23
02.01.2018 23:23:00.000 UTC,152.561,152.566,152.556,152.563,14
02.01.2018 23:24:00.000 UTC,152.563,152.565,152.554,152.554,19
02.01.2018 23:25:00.000 UTC,152.56,152.561,152.557,152.557,29.02
02.01.2018 23:26:00.000 UTC,152.555,152.571,152.555,152.57,22.06
02.01.2018 23:27:00.000 UTC,152.575,152.577,152.571,152.571,28.57
02.01.2018 23:28:00.000 UTC,152.571,152.589,152.571,152.583,18.69
02.01.2018 23:29:00.000 UTC,152.582,152.582,152.545,152.556,42.33
02.01.2018 23:30:00.000 UTC,152.559,152.582,152.559,152.559,56.12
02.01.2018 23:31:00.000 UTC,152.559,152.574,152.547,152.567,95
02.01.2018 23:32:00.000 UTC,152.567,152.577,152.55,152.573,122.24
02.01.2018 23:33:00.000 UTC,152.576,152.579,152.535,152.545,89.32
02.01.2018 23:34:00.000 UTC,152.545,152.573,152.545,152.562,64.13
02.01.2018 23:35:00.000 UTC,152.562,152.58,152.562,152.58,52.44
02.01.2018 23:36:00.000 UTC,152.58,152.585,152.576,152.583,35
02.01.2018 23:37:00.000 UTC,152.581,152.584,152.573,152.573,2
02.01.2018 23:38:00.000 UTC,152.573,152.573,152.55,152.55,62.88
02.01.2018 23:39:00.000 UTC,152.55,152.55,152.545,152.545,26
02.01.2018 23:40:00.000 UTC,152.545,152.553,152.538,152.542,54.32
02.01.2018 23:41:00.000 UTC,152.542,152.545,152.525,152.538,68.12
02.01.2018 23:42:00.000 UTC,152.538,152.541,152.537,152.538,37.5
02.01.2018 23:43:00.000 UTC,152.538,152.538,152.528,152.531,40.89
02.01.2018 23:44:00.000 UTC,152.531,152.536,152.531,152.534,17.25
02.01.2018 23:45:00.000 UTC,152.537,152.552,152.537,152.551,65.71
02.01.2018 23:46:00.000 UTC,152.548,152.557,152.544,152.556,85.21
02.01.2018 23:47:00.000 UTC,152.556,152.56,152.552,152.555,67.97
02.01.2018 23:48:00.000 UTC,152.555,152.559,152.555,152.559,29.19
02.01.2018 23:49:00.000 UTC,152.559,152.611,152.559,152.611,89.85
02.01.2018 23:50:00.000 UTC,152.614,152.614,152.595,152.595,44.79
02.01.2018 23:51:00.000 UTC,152.595,152.614,152.583,152.583,62.67
02.01.2018 23:52:00.000 UTC,152.583,152.608,152.583,152.603,101.06
02.01.2018 23:53:00.000 UTC,152.6,152.642,152.596,152.637,76.18
02.01.2018 23:54:00.000 UTC,152.637,152.647,152.629,152.644,96.63
02.01.2018 23:55:00.000 UTC,152.642,152.643,152.625,152.625,48.69
02.01.2018 23:56:00.000 UTC,152.625,152.625,152.588,152.59,32.13
02.01.2018 23:57:00.000 UTC,152.59,152.59,152.587,152.587,11.5
02.01.2018 23:58:00.000 UTC,152.587,152.598,152.587,152.598,27.38
02.01.2018 23:59:00.000 UTC,152.598,152.598,152.595,152.597,46.96